step,seed0,seed1,seed2,seed3,seed4,seed5,meanfield
1.000000000000000000e+03,1.658487017621642856e+00,1.661909229244881381e+00,1.655873012306656955e+00,1.643963651806407578e+00,1.658259886871618294e+00,1.657842205943917957e+00,1.658022963696178742e+00
2.000000000000000000e+03,1.668813979215891585e+00,1.672869828163625616e+00,1.662079778863105428e+00,1.651576930473056093e+00,1.669235661366166301e+00,1.666217082382396075e+00,1.667001074078310996e+00
3.000000000000000000e+03,1.678224134206788953e+00,1.691401556431340047e+00,1.670330643117826197e+00,1.657521124666257117e+00,1.677163284365936979e+00,1.679038960833594496e+00,1.675934996022920620e+00
4.000000000000000000e+03,1.688738310226555184e+00,1.702835779060023702e+00,1.680603872797002074e+00,1.666829525776481580e+00,1.687524503152363131e+00,1.686684031514963822e+00,1.684825377064290475e+00
5.000000000000000000e+03,1.697079204639397432e+00,1.714790422918181401e+00,1.689080942762296589e+00,1.673644232242313956e+00,1.697631528359300201e+00,1.695118653683260534e+00,1.693672848033634937e+00
6.000000000000000000e+03,1.706113865088738413e+00,1.721531248206397802e+00,1.694795282754861576e+00,1.683839031066688419e+00,1.704438586167664749e+00,1.701841694691676787e+00,1.702478023668306806e+00
7.000000000000000000e+03,1.715114737881765716e+00,1.731644556226778153e+00,1.708201939417270276e+00,1.693381359744052794e+00,1.715339921360775621e+00,1.709530711722031526e+00,1.711241503192726165e+00
8.000000000000000000e+03,1.721237292933975427e+00,1.740014055995853237e+00,1.719430841775383856e+00,1.704348064869644297e+00,1.719833385660402447e+00,1.717322068435717330e+00,1.719963870872614820e+00
9.000000000000000000e+03,1.728588584270638107e+00,1.746827480309266711e+00,1.724917856928039672e+00,1.714868102232663283e+00,1.727633940399327717e+00,1.726378818052229480e+00,1.728645696544006460e+00
1.000000000000000000e+04,1.736701327929744076e+00,1.752868645620303756e+00,1.730900628341352609e+00,1.721745017903762776e+00,1.736366768849789022e+00,1.734572314614566624e+00,1.737287536118421905e+00
1.100000000000000000e+04,1.741031201963812336e+00,1.760567635723994773e+00,1.736239229780592863e+00,1.731947092533218768e+00,1.745475241276614575e+00,1.745820049566225052e+00,1.745889932065496364e+00
1.200000000000000000e+04,1.746863371714238777e+00,1.769358895722728642e+00,1.746272355214713690e+00,1.738215836673064896e+00,1.753257993053576991e+00,1.754751274405883965e+00,1.754453413874273782e+00
1.300000000000000000e+04,1.752281613239796920e+00,1.776362336372157902e+00,1.754237311434851287e+00,1.746424719254249025e+00,1.764312864016306381e+00,1.763832070345205061e+00,1.762978498494305324e+00
1.400000000000000000e+04,1.759387705803407531e+00,1.785653172804531064e+00,1.762009288274839491e+00,1.752332380493329955e+00,1.770972932092132135e+00,1.771062472645312358e+00,1.771465690757614286e+00
1.500000000000000000e+04,1.765845023441642736e+00,1.796480695250462833e+00,1.772835568121861938e+00,1.759224517670048504e+00,1.775529702837825408e+00,1.775983626844682917e+00,1.779915483782530838e+00
1.600000000000000000e+04,1.773424252938148094e+00,1.803457840764544740e+00,1.780757046238824248e+00,1.768377594849094958e+00,1.782321989038773147e+00,1.782789998021565570e+00,1.788328359360332964e+00
1.700000000000000000e+04,1.782439262131803259e+00,1.811535879476461330e+00,1.789299968937628549e+00,1.774930062294756361e+00,1.790855764399070571e+00,1.796125186744940372e+00,1.796704788325580671e+00
1.800000000000000000e+04,1.789504651280268810e+00,1.816050040856286074e+00,1.794165580555885153e+00,1.784721355287529621e+00,1.796117544222398665e+00,1.803454146968258787e+00,1.805045230910966358e+00
1.900000000000000000e+04,1.795325367706469999e+00,1.822800793281547316e+00,1.802596578777816427e+00,1.793402682979957197e+00,1.801812492731025728e+00,1.810414199479849495e+00,1.813350137087469616e+00
2.000000000000000000e+04,1.804574430027210408e+00,1.832324074746193965e+00,1.807991570677386584e+00,1.800481718219201666e+00,1.809837480667545462e+00,1.815866731723679628e+00,1.821619946890546071e+00
2.100000000000000000e+04,1.812505966382930156e+00,1.839199830574895111e+00,1.817312529681435862e+00,1.808802519128152264e+00,1.819419195041732884e+00,1.827519301995440548e+00,1.829855090733043532e+00
2.200000000000000000e+04,1.822534539174611501e+00,1.844032538771626095e+00,1.825139054813607498e+00,1.818135282238723116e+00,1.824857026212549416e+00,1.835342523803567660e+00,1.838055989705498883e+00
2.300000000000000000e+04,1.828426144580206136e+00,1.850982720387783775e+00,1.830563711657963832e+00,1.823834679597797992e+00,1.831249229770456566e+00,1.840001915323838055e+00,1.846223055864428808e+00
2.400000000000000000e+04,1.835579010118047583e+00,1.862286133077285744e+00,1.834999019143463084e+00,1.828855757695836637e+00,1.838587610032860198e+00,1.847486765204395587e+00,1.854356692509193882e+00
2.500000000000000000e+04,1.842645632872952799e+00,1.870884850370799768e+00,1.841158429842580491e+00,1.836085338566401992e+00,1.848923904067381496e+00,1.856749533709731059e+00,1.862457294447985356e+00
2.600000000000000000e+04,1.849080163204103400e+00,1.877637130357709738e+00,1.847355573445624399e+00,1.843074708056266831e+00,1.860888888795038998e+00,1.865140038736360362e+00,1.870525248253448680e+00
2.700000000000000000e+04,1.857405771451526411e+00,1.885701162196624869e+00,1.852491476734500431e+00,1.850491606091509533e+00,1.870222147833965787e+00,1.874718285667238415e+00,1.878560932508433590e+00
2.800000000000000000e+04,1.862157970379464622e+00,1.891629272495238379e+00,1.858742933175511203e+00,1.857716706920035987e+00,1.876777571864920446e+00,1.879573475794985127e+00,1.886564718042330613e+00
2.900000000000000000e+04,1.867431903642123858e+00,1.896961491825164936e+00,1.868819677966117254e+00,1.864085028791438337e+00,1.882590441213013444e+00,1.888551163705977309e+00,1.894536968158430312e+00
3.000000000000000000e+04,1.873554935094480012e+00,1.905300768976536219e+00,1.877295743777920078e+00,1.870227732002753829e+00,1.886937496594328856e+00,1.897619696695828972e+00,1.902478038852719155e+00
3.100000000000000000e+04,1.885467956854764093e+00,1.912821491557993969e+00,1.885143451604731624e+00,1.878339658338011864e+00,1.892374836992767762e+00,1.905121958371197799e+00,1.910388279024500813e+00
3.200000000000000000e+04,1.895868221587537761e+00,1.919008890154141778e+00,1.893793494473679617e+00,1.884629308079633692e+00,1.898040550249482150e+00,1.908984165520095644e+00,1.918268030679211922e+00
3.300000000000000000e+04,1.905687478434219484e+00,1.923774221704961374e+00,1.902371188868061891e+00,1.891975675076850605e+00,1.904305983400276903e+00,1.917026271998855558e+00,1.926117629123785147e+00
3.400000000000000000e+04,1.913503106569132362e+00,1.932091838448951382e+00,1.912019694080214993e+00,1.900202136884299176e+00,1.909733829006909023e+00,1.925343860582829247e+00,1.933937403154887935e+00
3.500000000000000000e+04,1.918773376250672902e+00,1.937722757154918707e+00,1.918927660894919951e+00,1.906402664824415671e+00,1.921451606041166826e+00,1.931578533558862443e+00,1.941727675240354944e+00
3.600000000000000000e+04,1.922704915403364190e+00,1.942316969348736100e+00,1.926676641621814401e+00,1.914994589803348912e+00,1.926018150347851954e+00,1.936331588970367168e+00,1.949488761694107675e+00
3.700000000000000000e+04,1.929230902958785965e+00,1.949192668167059495e+00,1.933032182570808999e+00,1.920708451197472799e+00,1.933654204916309016e+00,1.944607798442921975e+00,1.957220972844850415e+00
3.800000000000000000e+04,1.933609159946042100e+00,1.956099186645638977e+00,1.939218006227452218e+00,1.924803960613566289e+00,1.945797742882639625e+00,1.952303628358172283e+00,1.964924613198806957e+00
3.900000000000000000e+04,1.940376125168616461e+00,1.964390834211051207e+00,1.943162702328461444e+00,1.931662939648402855e+00,1.951070465684026534e+00,1.958880290846791716e+00,1.972599981596751872e+00
4.000000000000000000e+04,1.950412104201743491e+00,1.971403151694186118e+00,1.948655926364639690e+00,1.936231142825072471e+00,1.955379542785993019e+00,1.965799348244666511e+00,1.980247371365585707e+00
4.100000000000000000e+04,1.958979530748156783e+00,1.980475918379397404e+00,1.958138821446118172e+00,1.942386244989917854e+00,1.962302163994642967e+00,1.969695179670068574e+00,1.987867070464675923e+00
4.200000000000000000e+04,1.964872787104881224e+00,1.986521378001551374e+00,1.964537190088557317e+00,1.947866760612898762e+00,1.967415455287230275e+00,1.978298316473077190e+00,1.995459361627187400e+00
4.300000000000000000e+04,1.970516536598502677e+00,1.991117842437756691e+00,1.972653245582962400e+00,1.952552515220266294e+00,1.973904718557289328e+00,1.983846399600342369e+00,2.003024522496610782e+00
4.400000000000000000e+04,1.975491334415617750e+00,1.996076792731708016e+00,1.977471025482697486e+00,1.959781271606085395e+00,1.978488168301713701e+00,1.988175213279571141e+00,2.010562825758684724e+00
4.500000000000000000e+04,1.980897756310384228e+00,2.001837470991541856e+00,1.985509475584257499e+00,1.965473556085628237e+00,1.984730393537984972e+00,1.992842296417057790e+00,2.018074539268902790e+00
4.600000000000000000e+04,1.988877355462800756e+00,2.006989637697993878e+00,1.995325594603576835e+00,1.971208191570093193e+00,1.991395741499316641e+00,1.998262784451316776e+00,2.025559926175780845e+00
4.700000000000000000e+04,1.994655124013254621e+00,2.012697440629501067e+00,2.001986499854472079e+00,1.976920182522590830e+00,1.996361859787227022e+00,2.004806212947452870e+00,2.033019245040061929e+00
4.800000000000000000e+04,2.001164204876479058e+00,2.020391283238781810e+00,2.005459914459558846e+00,1.981464876324087854e+00,2.000207973634824832e+00,2.010278910147742515e+00,2.040452749950016020e+00
4.900000000000000000e+04,2.008285613363239630e+00,2.026391489271659463e+00,2.009724605833104416e+00,1.984725065778805142e+00,2.004274694690671321e+00,2.016323309214342441e+00,2.047860690632992142e+00
5.000000000000000000e+04,2.017001370111148439e+00,2.032794204649698955e+00,2.014806644396658353e+00,1.991631973578549930e+00,2.010284016685252695e+00,2.022071715470046271e+00,2.055243312563372449e+00
5.100000000000000000e+04,2.028143079726620446e+00,2.039311368518080148e+00,2.019435543230296393e+00,1.997807394852497920e+00,2.017716549674630322e+00,2.031721132595938339e+00,2.062600857067065085e+00
5.200000000000000000e+04,2.039313227248066074e+00,2.044653012097200850e+00,2.027991982110064040e+00,2.003283958809904064e+00,2.026136926781100023e+00,2.035032463254232038e+00,2.069933561422676593e+00
5.300000000000000000e+04,2.042590934565855054e+00,2.052579151183504091e+00,2.034209801483541025e+00,2.008629098343838848e+00,2.031458148490911775e+00,2.042126618647131853e+00,2.077241658959486870e+00
5.400000000000000000e+04,2.050953453699430717e+00,2.056569848583662097e+00,2.042737481828795332e+00,2.014846102175400944e+00,2.036212735314305800e+00,2.049353880334029210e+00,2.084525379152351920e+00
5.500000000000000000e+04,2.056366491285192666e+00,2.061887798959618934e+00,2.046475203333926185e+00,2.023193316448704593e+00,2.045192961840538448e+00,2.057447681030885711e+00,2.091784947713653420e+00
5.600000000000000000e+04,2.066027989876992876e+00,2.070361007635850292e+00,2.054378831012647399e+00,2.030108934472909077e+00,2.051448919600190379e+00,2.062698775670475992e+00,2.099020586682403433e+00
5.700000000000000000e+04,2.074985982296496445e+00,2.075077526416500451e+00,2.060502350530729831e+00,2.037379116900868148e+00,2.059176656064515498e+00,2.069963921352365510e+00,2.106232514510612663e+00
5.800000000000000000e+04,2.081597604704271909e+00,2.081893870287061077e+00,2.066167939548172683e+00,2.043014183619053181e+00,2.064758875505960933e+00,2.080395801955746471e+00,2.113420946147027468e+00
5.900000000000000000e+04,2.090292484262882500e+00,2.089406735076940524e+00,2.072076357020103288e+00,2.046862312272363038e+00,2.073820983948140739e+00,2.085552116048039473e+00,2.120586093118327131e+00
6.000000000000000000e+04,2.098153698922888388e+00,2.095368896095441968e+00,2.078078193290137321e+00,2.049951605266374433e+00,2.078133073463430236e+00,2.091723094094005031e+00,2.127728163607883527e+00
6.100000000000000000e+04,2.104414882297463762e+00,2.100742640023145924e+00,2.086109755733319915e+00,2.055156458317947354e+00,2.084008291694626980e+00,2.099584223044300035e+00,2.134847362532162229e+00
6.200000000000000000e+04,2.108492923033954192e+00,2.107321584452566565e+00,2.088881627523537787e+00,2.060854610330685510e+00,2.090223283150097977e+00,2.105504252192738068e+00,2.141943891614862761e+00
6.300000000000000000e+04,2.117350116250047876e+00,2.112486226786265409e+00,2.096900154847458175e+00,2.067975831517865348e+00,2.096914692209007391e+00,2.109687424918911702e+00,2.149017949458867704e+00
6.400000000000000000e+04,2.122940130147136450e+00,2.119307078931992550e+00,2.103026879976310770e+00,2.076924572491849474e+00,2.103236919279769968e+00,2.115945699874598240e+00,2.156069731616089502e+00
6.500000000000000000e+04,2.130521789270634958e+00,2.124548148806748138e+00,2.109728876289322486e+00,2.083517639429299795e+00,2.108286938740765670e+00,2.119941682199307564e+00,2.163099430655283761e+00
6.600000000000000000e+04,2.137412187422964127e+00,2.131413638675530020e+00,2.115632680460943771e+00,2.087725587993221943e+00,2.116938248161269076e+00,2.127740899479820147e+00,2.170107236227903247e+00
6.700000000000000000e+04,2.142922818926966677e+00,2.137969993317324402e+00,2.119525361328309820e+00,2.093027587409972412e+00,2.125891716103730733e+00,2.134198596292258276e+00,2.177093335132063157e+00
6.800000000000000000e+04,2.150222091461661655e+00,2.146835401194579607e+00,2.124124585285932287e+00,2.096480826979337131e+00,2.133780182029950900e+00,2.140337459708848922e+00,2.184057911374680749e+00
6.900000000000000000e+04,2.160154831440914247e+00,2.153140594522189755e+00,2.127375609158811631e+00,2.102723705057780279e+00,2.138959780728824089e+00,2.144821933832142147e+00,2.191001146231854602e+00
7.000000000000000000e+04,2.165734285147193905e+00,2.157358828944408558e+00,2.132593127164041924e+00,2.112044771988271563e+00,2.144388399393309275e+00,2.151964432773311398e+00,2.197923218307546112e+00
7.100000000000000000e+04,2.171013449825595742e+00,2.162523219687891629e+00,2.137576673687855866e+00,2.116823367844908876e+00,2.151371608862898022e+00,2.156045044544949274e+00,2.204824303590616097e+00
7.200000000000000000e+04,2.176339727136058499e+00,2.166886179143719282e+00,2.143240306474636814e+00,2.120781679660450614e+00,2.158374632293452056e+00,2.164017029505383327e+00,2.211704575510280879e+00
7.300000000000000000e+04,2.181328028663878094e+00,2.173826036840887266e+00,2.147820307696139963e+00,2.128297598734458340e+00,2.162347947373440160e+00,2.170210009512508531e+00,2.218564204990032707e+00
7.400000000000000000e+04,2.186129430624902170e+00,2.181155367615761786e+00,2.157670669111442230e+00,2.133110283996032308e+00,2.167491601421352776e+00,2.174877557441464049e+00,2.225403360500084027e+00
7.500000000000000000e+04,2.194812891810295596e+00,2.188034067827576035e+00,2.165205447101643976e+00,2.139019387054830634e+00,2.173415438070971373e+00,2.179460215834832404e+00,2.232222208108379569e+00
7.600000000000000000e+04,2.198761234386923835e+00,2.192257266840056840e+00,2.170313359207969750e+00,2.145701765979335818e+00,2.179923764218437920e+00,2.184682284615922399e+00,2.239020911530226421e+00
7.700000000000000000e+04,2.202823992656929963e+00,2.196696836884337145e+00,2.175305845614251332e+00,2.153230617078452092e+00,2.188335133774371499e+00,2.190504728824238079e+00,2.245799632176588734e+00
7.800000000000000000e+04,2.209723768597583682e+00,2.201549674202635920e+00,2.179389534547558238e+00,2.158831669119661179e+00,2.194647795815541702e+00,2.195427244317639914e+00,2.252558529201088788e+00
7.900000000000000000e+04,2.214931941034945950e+00,2.208580377252161053e+00,2.185226379268165431e+00,2.162941797047766013e+00,2.199383023115922597e+00,2.201908904415931456e+00,2.259297759545758399e+00
8.000000000000000000e+04,2.221882670617364219e+00,2.213741182950524689e+00,2.190061499333561645e+00,2.168438635109447787e+00,2.203959174692009970e+00,2.204417625849900197e+00,2.266017477985579287e+00
8.100000000000000000e+04,2.228388396596070908e+00,2.217959063008654308e+00,2.196727816950107215e+00,2.172743517429153837e+00,2.210307243495407192e+00,2.210010438010776124e+00,2.272717837171856825e+00
8.200000000000000000e+04,2.233074593438677091e+00,2.224317189261052707e+00,2.202560841980835793e+00,2.177741826416461635e+00,2.216938857697940968e+00,2.214777562347165940e+00,2.279398987674456478e+00
8.300000000000000000e+04,2.239963432808262933e+00,2.227565683413004649e+00,2.207215121275794889e+00,2.182430666909841666e+00,2.221988567888659727e+00,2.219816238633682381e+00,2.286061078022946891e+00
8.400000000000000000e+04,2.244748007111884380e+00,2.233226298938661092e+00,2.211438654294198169e+00,2.188769128740177816e+00,2.228418358300988888e+00,2.225129661335979225e+00,2.292704254746680714e+00
8.500000000000000000e+04,2.250310558754661461e+00,2.239819831496034919e+00,2.216021347506968553e+00,2.193518357707505029e+00,2.236608526437700029e+00,2.229553325699726418e+00,2.299328662413846480e+00
8.600000000000000000e+04,2.257775592724892366e+00,2.245136701938872825e+00,2.220611658723756321e+00,2.197748703411348092e+00,2.241275918427536595e+00,2.234394634908561272e+00,2.305934443669524381e+00
8.700000000000000000e+04,2.262329695059724699e+00,2.250594189018973790e+00,2.225794521273875226e+00,2.201987932741781506e+00,2.247055532527713506e+00,2.239541227609018748e+00,2.312521739272779708e+00
8.800000000000000000e+04,2.267158393792142235e+00,2.255174160890454527e+00,2.230795242236166764e+00,2.205459259503051772e+00,2.251761091335126697e+00,2.243929197990196300e+00,2.319090688132819711e+00
8.900000000000000000e+04,2.272096047451504397e+00,2.260592525429154787e+00,2.236650794600882897e+00,2.210699012013192188e+00,2.260361703686633472e+00,2.249078815377825169e+00,2.325641427344243617e+00
9.000000000000000000e+04,2.277238748988659633e+00,2.264708262965291041e+00,2.242317475841749452e+00,2.215436697948566902e+00,2.266924770243113230e+00,2.255322509920342444e+00,2.332174092221417805e+00
9.100000000000000000e+04,2.281344665774146296e+00,2.268369406022961776e+00,2.248079251647871146e+00,2.220522377244079415e+00,2.272456487366035116e+00,2.259843552652187615e+00,2.338688816331996989e+00
9.200000000000000000e+04,2.286390610727750961e+00,2.273552623869992573e+00,2.252044610217856846e+00,2.226207993010421937e+00,2.277652614198414582e+00,2.267059528752220832e+00,2.345185731529621176e+00
9.300000000000000000e+04,2.295027025839708745e+00,2.280502573154983281e+00,2.257967039502402518e+00,2.230199159427013189e+00,2.283570106856138704e+00,2.273164227506721424e+00,2.351664967985811483e+00
9.400000000000000000e+04,2.301447639824491187e+00,2.283920792482266204e+00,2.263239990895502984e+00,2.234846778846342641e+00,2.288260025600077796e+00,2.277618532380429439e+00,2.358126654221092355e+00
9.500000000000000000e+04,2.306357777971574929e+00,2.288667100186328796e+00,2.266987462871344228e+00,2.240336374273157016e+00,2.294475849116762056e+00,2.282193614634527634e+00,2.364570917135355721e+00
9.600000000000000000e+04,2.310489038164311282e+00,2.292813384197501136e+00,2.274571414237813283e+00,2.243685804163904063e+00,2.300023125808306368e+00,2.286254411578939827e+00,2.370997882037498172e+00
9.700000000000000000e+04,2.319682429986799743e+00,2.298230108050544285e+00,2.279759076471281620e+00,2.248440750481230044e+00,2.304223097863639325e+00,2.290371669436813473e+00,2.377407672674348493e+00
9.800000000000000000e+04,2.325148136912337904e+00,2.303575255162086499e+00,2.284792365977962092e+00,2.254536954316351594e+00,2.310538462073762123e+00,2.295794139955513735e+00,2.383800411258905072e+00
9.900000000000000000e+04,2.328868684585725379e+00,2.306825603671611269e+00,2.288161078933554471e+00,2.263163737883102211e+00,2.317624076623974183e+00,2.299708660097552482e+00,2.390176218497906735e+00
1.000000000000000000e+05,2.333472200444395295e+00,2.311281824127981110e+00,2.292645013414428057e+00,2.270646798709631486e+00,2.321568989197365873e+00,2.304449244495173854e+00,2.396535213618753879e+00
1.010000000000000000e+05,2.338557838826531565e+00,2.319288276503616686e+00,2.297431038192047303e+00,2.275585900488662272e+00,2.325572348976171710e+00,2.311863420426293114e+00,2.402877514395798997e+00
1.020000000000000000e+05,2.343791033489111442e+00,2.322994176767427366e+00,2.302275867495274575e+00,2.282440441896637751e+00,2.329823899215471172e+00,2.317653245488183522e+00,2.409203237176028356e+00
1.030000000000000000e+05,2.348696007627989246e+00,2.330161280085942366e+00,2.310433663799958293e+00,2.288981251305030717e+00,2.335092716651866240e+00,2.320124778131470666e+00,2.415512496904143713e+00
1.040000000000000000e+05,2.354005463322029534e+00,2.335914015931896071e+00,2.316162950327819825e+00,2.292997055869491874e+00,2.339427040951000070e+00,2.324109717506407602e+00,2.421805407147072486e+00
1.050000000000000000e+05,2.359080863591336730e+00,2.345306221154568327e+00,2.320829326186348407e+00,2.298201267001154680e+00,2.344384293844807399e+00,2.330373665350165879e+00,2.428082080117911268e+00
1.060000000000000000e+05,2.365110110698849688e+00,2.349080390692339648e+00,2.326539010998537993e+00,2.303827906242947865e+00,2.349966224706379503e+00,2.334608300589374075e+00,2.434342626699329326e+00
1.070000000000000000e+05,2.371553007264596058e+00,2.354536579203549085e+00,2.334762525160281044e+00,2.308687220637024584e+00,2.354608304618021730e+00,2.337297265118020828e+00,2.440587156466437424e+00
1.080000000000000000e+05,2.375172360125774595e+00,2.360904061649273356e+00,2.339303121728454116e+00,2.313188281838696625e+00,2.359799816773554770e+00,2.346403770692704782e+00,2.446815777709142825e+00
1.090000000000000000e+05,2.379968947089870390e+00,2.364726081544076486e+00,2.343031002844041755e+00,2.319828410129768148e+00,2.363666765817423965e+00,2.351122595888378797e+00,2.453028597454005144e+00
1.100000000000000000e+05,2.383527884516165152e+00,2.369111194004782650e+00,2.348295409663172961e+00,2.327460018870541880e+00,2.368721617374627275e+00,2.356156159144988660e+00,2.459225721485601923e+00
1.110000000000000000e+05,2.388739930015661983e+00,2.374056827174813034e+00,2.352034825241717364e+00,2.332297416052564021e+00,2.371874561688318561e+00,2.361925595261024302e+00,2.465407254367423029e+00
1.120000000000000000e+05,2.393542947113561414e+00,2.378034509254460360e+00,2.355208054099561910e+00,2.336524568477412966e+00,2.376406785516965048e+00,2.365906071361372209e+00,2.471573299462301865e+00
1.130000000000000000e+05,2.399553782973724125e+00,2.382027317144838729e+00,2.359307982986394769e+00,2.340261210243387513e+00,2.380379242132221407e+00,2.371254440779657191e+00,2.477723958952398498e+00
1.140000000000000000e+05,2.403305410673016507e+00,2.386500267966702893e+00,2.364485858443201582e+00,2.344673392479932339e+00,2.384207848553790754e+00,2.378548048753066357e+00,2.483859333858749352e+00
1.150000000000000000e+05,2.409401139769804523e+00,2.393818587084016514e+00,2.368616001137965998e+00,2.349105440228357100e+00,2.389687329366528168e+00,2.385470483290921706e+00,2.489979524060387917e+00
1.160000000000000000e+05,2.414141567701370228e+00,2.398415588462058601e+00,2.373787957724301734e+00,2.353216331183765941e+00,2.395262925986979763e+00,2.390148108939687877e+00,2.496084628313055553e+00
1.170000000000000000e+05,2.419764503923119037e+00,2.403909419016038829e+00,2.377378662114358665e+00,2.358529050876100541e+00,2.402521075327130440e+00,2.393906829438093187e+00,2.502174744267508188e+00
1.180000000000000000e+05,2.423455579409252714e+00,2.408924275422842154e+00,2.381915137255577353e+00,2.363224496506064920e+00,2.405864659742929401e+00,2.398606643989209530e+00,2.508249968487433534e+00
1.190000000000000000e+05,2.428663746012520441e+00,2.414221904709987765e+00,2.386945828602845765e+00,2.369074546737754083e+00,2.409291835131369464e+00,2.403203522824021832e+00,2.514310396466983732e+00
1.200000000000000000e+05,2.432009561680977150e+00,2.420568422539639553e+00,2.391719867503685037e+00,2.374468089460072928e+00,2.413652341024249193e+00,2.407526590712832260e+00,2.520356122647940733e+00
1.210000000000000000e+05,2.435750520383017648e+00,2.425562540976660575e+00,2.397129675046811403e+00,2.378478039566022773e+00,2.418071048608426477e+00,2.412890421444635614e+00,2.526387240436516635e+00
1.220000000000000000e+05,2.440738203030897946e+00,2.428760521477240975e+00,2.400492050872308436e+00,2.382961692274443877e+00,2.424556591356038737e+00,2.419412392675364121e+00,2.532403842219804080e+00
1.230000000000000000e+05,2.444107623804741003e+00,2.432483470149724436e+00,2.407259301570834342e+00,2.386152205311062424e+00,2.431176061555026635e+00,2.425986594418966913e+00,2.538406019381882928e+00
1.240000000000000000e+05,2.450925718080656068e+00,2.436238680617672347e+00,2.411007820687277814e+00,2.390511541320246458e+00,2.433728561446307559e+00,2.429664995163052676e+00,2.544393862319591637e+00
1.250000000000000000e+05,2.456198979945357852e+00,2.442568103736837415e+00,2.413794264443871018e+00,2.394473663047347767e+00,2.438205314785411915e+00,2.435250369292136341e+00,2.550367460457974911e+00
1.260000000000000000e+05,2.460698212578639854e+00,2.446818994216299892e+00,2.419715400946828687e+00,2.397221283682927861e+00,2.444947726222499007e+00,2.440498857081370598e+00,2.556326902265412038e+00
1.270000000000000000e+05,2.467599390663439696e+00,2.451833771051154187e+00,2.423847349283208885e+00,2.401368502814752670e+00,2.448133107295215716e+00,2.444451118705620374e+00,2.562272275268437927e+00
1.280000000000000000e+05,2.474161744319317791e+00,2.454980228298083045e+00,2.426711148914177052e+00,2.406540641411915260e+00,2.451923675237815736e+00,2.447605003329491602e+00,2.568203666066259938e+00
1.290000000000000000e+05,2.477999884473147230e+00,2.457888403190851001e+00,2.430120560410450103e+00,2.409537491022952338e+00,2.457858884356558526e+00,2.451738267140181726e+00,2.574121160344983394e+00
1.300000000000000000e+05,2.482430930799091939e+00,2.461143225751203811e+00,2.434890704457258526e+00,2.413007355199885406e+00,2.462347194063897682e+00,2.456300933199866865e+00,2.580024842891548875e+00
1.310000000000000000e+05,2.485950396519717387e+00,2.465069777917376470e+00,2.438654743853374995e+00,2.417861434282233102e+00,2.467297280667634318e+00,2.459857014550457244e+00,2.585914797607389737e+00
1.320000000000000000e+05,2.491762693156145403e+00,2.469909385201291663e+00,2.446462095262504466e+00,2.421959455581994547e+00,2.471105288276903789e+00,2.463683430277241015e+00,2.591791107521818738e+00
1.330000000000000000e+05,2.496389428102885333e+00,2.476737707384078835e+00,2.452368218145198231e+00,2.426078885189200562e+00,2.475200442391357392e+00,2.468331601250555618e+00,2.597653854805146434e+00
1.340000000000000000e+05,2.498826383138860852e+00,2.483004508428750423e+00,2.456850858654834102e+00,2.431448546616888251e+00,2.480487306476248488e+00,2.473275988980915496e+00,2.603503120781543334e+00
1.350000000000000000e+05,2.505268401358035746e+00,2.486349721692612480e+00,2.460559780475543690e+00,2.438761017852824065e+00,2.485356678566835953e+00,2.477526152545772575e+00,2.609338985941644928e+00
1.360000000000000000e+05,2.508291374124963724e+00,2.491316795718449217e+00,2.464155972407378492e+00,2.443328104498726727e+00,2.488996833811800258e+00,2.482905923486218747e+00,2.615161529954914688e+00
1.370000000000000000e+05,2.512436631911583618e+00,2.494093860941041463e+00,2.467864977724127939e+00,2.446437001865640060e+00,2.493311623688202250e+00,2.487984386758096633e+00,2.620970831681761037e+00
1.380000000000000000e+05,2.516792011947531993e+00,2.499976407291610858e+00,2.472843420263305614e+00,2.452141305542780092e+00,2.499504256154647663e+00,2.491105602009664910e+00,2.626766969185423406e+00
1.390000000000000000e+05,2.521169359972656121e+00,2.504054844381760958e+00,2.478225194354051641e+00,2.455989118293943285e+00,2.504100250267379479e+00,2.497035381295400036e+00,2.632550019743626901e+00
1.400000000000000000e+05,2.525153571512698925e+00,2.510472943598045958e+00,2.483290408934971882e+00,2.459883904216972450e+00,2.508321518386433358e+00,2.500535050317031160e+00,2.638320059860012723e+00
1.410000000000000000e+05,2.528951985163013561e+00,2.515737026242423013e+00,2.488197365206133327e+00,2.464865576711332107e+00,2.512289685293816355e+00,2.504879147203401768e+00,2.644077165275351415e+00
1.420000000000000000e+05,2.532930406608136398e+00,2.521233389198731523e+00,2.491156963681201653e+00,2.469949255877654348e+00,2.515862893504096309e+00,2.510198162688382251e+00,2.649821410978540293e+00
1.430000000000000000e+05,2.536280470702160006e+00,2.525566026421052435e+00,2.496360610550335757e+00,2.474332356559351354e+00,2.520907140173841210e+00,2.514718524339587979e+00,2.655552871217394806e+00
1.440000000000000000e+05,2.539825349944696775e+00,2.529204056639354992e+00,2.499457941038297548e+00,2.478656075633210776e+00,2.526010281718959583e+00,2.519965628240403710e+00,2.661271619509234743e+00
1.450000000000000000e+05,2.543434379601616335e+00,2.531733328067248046e+00,2.504051351035161410e+00,2.482308569882095917e+00,2.530894897285988598e+00,2.523502013072246974e+00,2.666977728651271917e+00
1.460000000000000000e+05,2.547305338164808308e+00,2.534798456004462075e+00,2.507399300319490987e+00,2.486095753377161266e+00,2.535762789573614562e+00,2.530363025943823896e+00,2.672671270730804238e+00
1.470000000000000000e+05,2.550457965942922733e+00,2.539052752381573352e+00,2.511937182964965487e+00,2.490390225869940632e+00,2.540287566283410570e+00,2.535955583200275143e+00,2.678352317135218819e+00
1.480000000000000000e+05,2.554731921588225596e+00,2.542560609862195786e+00,2.515848546969844168e+00,2.493059290568877984e+00,2.544087794673686620e+00,2.539112482217090516e+00,2.684020938561811676e+00
1.490000000000000000e+05,2.558733528876449892e+00,2.548223665217404843e+00,2.521368559180501290e+00,2.496859575248157270e+00,2.548169346994816564e+00,2.544961152546893146e+00,2.689677205027423579e+00
1.500000000000000000e+05,2.564134500033605768e+00,2.554157941340582827e+00,2.525233379330854788e+00,2.500445244395948841e+00,2.552213829231385400e+00,2.549696582533190981e+00,2.695321185877901371e+00
1.510000000000000000e+05,2.568357059127677644e+00,2.558717547848880614e+00,2.529285792463443538e+00,2.505055390623198708e+00,2.557282979340897544e+00,2.553075334343284375e+00,2.700952949797385205e+00
1.520000000000000000e+05,2.572612145753345736e+00,2.563534613188480638e+00,2.533337936317870742e+00,2.510045814710277767e+00,2.560894209088086626e+00,2.557622830386445667e+00,2.706572564817426141e+00
1.530000000000000000e+05,2.577228545115802572e+00,2.567956915680040364e+00,2.537225282003124693e+00,2.515081963619103078e+00,2.564123742237993220e+00,2.562410343962378434e+00,2.712180098325940758e+00
1.540000000000000000e+05,2.580581712025553642e+00,2.573770522385375958e+00,2.541353807830059708e+00,2.518774918843867727e+00,2.568082066768673677e+00,2.565698776788506219e+00,2.717775617076000572e+00
1.550000000000000000e+05,2.584597590568776582e+00,2.579118851399675449e+00,2.546014079801033780e+00,2.522367251484832096e+00,2.573241361579603037e+00,2.569776287138180848e+00,2.723359187194467346e+00
1.560000000000000000e+05,2.588641538689758548e+00,2.582106095020401781e+00,2.549961539603383009e+00,2.526989957287888444e+00,2.577561150525219169e+00,2.574369690569333624e+00,2.728930874190471645e+00
1.570000000000000000e+05,2.593896305727443341e+00,2.587728145185464346e+00,2.555532811238661495e+00,2.531413419701960876e+00,2.581054293177499126e+00,2.578185173265712837e+00,2.734490742963740395e+00
1.580000000000000000e+05,2.597486622869951134e+00,2.591302054066829008e+00,2.559323164010283147e+00,2.537693676481890481e+00,2.588987464695582830e+00,2.582363838883591889e+00,2.740038857812778339e+00
1.590000000000000000e+05,2.603264986504493450e+00,2.595202976003018414e+00,2.562990966082442146e+00,2.542091696303022008e+00,2.593760023889848831e+00,2.586644584272385750e+00,2.745575282442903386e+00
1.600000000000000000e+05,2.607507916231157630e+00,2.598176292664441167e+00,2.567817755937883195e+00,2.548271926981844793e+00,2.597358978228427429e+00,2.591214841171639360e+00,2.751100079974141188e+00
1.610000000000000000e+05,2.613395084414006586e+00,2.603216638379735937e+00,2.571306224629489989e+00,2.553602262401903911e+00,2.600404990378484715e+00,2.596352173862384038e+00,2.756613312948981598e+00
1.620000000000000000e+05,2.617209738694189269e+00,2.610543157561447281e+00,2.574260357281307865e+00,2.556824570589864454e+00,2.603958607994036889e+00,2.599888810119747706e+00,2.762115043340001463e+00
1.630000000000000000e+05,2.622753671482765281e+00,2.614742916297655650e+00,2.578606141628915438e+00,2.560946410509655102e+00,2.607437842307201326e+00,2.606155377345567903e+00,2.767605332557351527e+00
1.640000000000000000e+05,2.626013001588636264e+00,2.618692147824221994e+00,2.584222071312541225e+00,2.563985229132791588e+00,2.609951937199442185e+00,2.609478030379585700e+00,2.773084241456116761e+00
1.650000000000000000e+05,2.630106831713615811e+00,2.621280349931947029e+00,2.587512334689900939e+00,2.569427765619590076e+00,2.614847470373627747e+00,2.614683958813996068e+00,2.778551830343549689e+00
1.660000000000000000e+05,2.635656741436096961e+00,2.625990345416329586e+00,2.592915303731463617e+00,2.573977268263822005e+00,2.618952902529409599e+00,2.618006927090954061e+00,2.784008158986178927e+00
1.670000000000000000e+05,2.641256648066662827e+00,2.630483420216157775e+00,2.596696480071307267e+00,2.576254909153218531e+00,2.623085278469267756e+00,2.622923330264317787e+00,2.789453286616796479e+00
1.680000000000000000e+05,2.644984869149014539e+00,2.634568825705831063e+00,2.600218229345630405e+00,2.580447041639587713e+00,2.626229627391631016e+00,2.626135740703851695e+00,2.794887271941327356e+00
1.690000000000000000e+05,2.649539237175680739e+00,2.639443245911468505e+00,2.604693757245774233e+00,2.584193328291699565e+00,2.631483836239914886e+00,2.630166809845190468e+00,2.800310173145580617e+00
1.700000000000000000e+05,2.651779043434395078e+00,2.642672664186493048e+00,2.608529145605826383e+00,2.589184569735710983e+00,2.634879558606596284e+00,2.633086640581457250e+00,2.805722047901889393e+00
1.710000000000000000e+05,2.654227175957583285e+00,2.647229502550636493e+00,2.612937101422329267e+00,2.592095134783107824e+00,2.638233490449680918e+00,2.637226754078371371e+00,2.811122953375637668e+00
1.720000000000000000e+05,2.657159711381873013e+00,2.652138968984109280e+00,2.616757173196953890e+00,2.597525881770123668e+00,2.642640427263369229e+00,2.640578825018345288e+00,2.816512946231677361e+00
1.730000000000000000e+05,2.662191925620560173e+00,2.655723224559145557e+00,2.620359126670503969e+00,2.601189473525760576e+00,2.646906919284472970e+00,2.643790263673412966e+00,2.821892082640641508e+00
1.740000000000000000e+05,2.666025326895105074e+00,2.663142008585399623e+00,2.625723952193440347e+00,2.604842196196683446e+00,2.654040651364201864e+00,2.649897614166560000e+00,2.827260418285148180e+00
1.750000000000000000e+05,2.670346439772365521e+00,2.666504940317041772e+00,2.628480274173718545e+00,2.607624452411475779e+00,2.659292070695137955e+00,2.654590019503223264e+00,2.832618008365907158e+00
1.760000000000000000e+05,2.673879998798782687e+00,2.671909089697444895e+00,2.632084870111506270e+00,2.610362362213734411e+00,2.664446189970483214e+00,2.657325126966932682e+00,2.837964907607720910e+00
1.770000000000000000e+05,2.678220991564852049e+00,2.676212107426176878e+00,2.634902618093967863e+00,2.615107682487054497e+00,2.669514688185294915e+00,2.660555289498212961e+00,2.843301170265391420e+00
1.780000000000000000e+05,2.681947204492681092e+00,2.681017443686143142e+00,2.638714455906750800e+00,2.619069018873840804e+00,2.671528810904872042e+00,2.662764466849027123e+00,2.848626850129528876e+00
1.790000000000000000e+05,2.685295112644003890e+00,2.683952843914835462e+00,2.643056965870219432e+00,2.621789257545398044e+00,2.674703522538695033e+00,2.666842968662423541e+00,2.853942000532264878e+00
1.800000000000000000e+05,2.688931682983809246e+00,2.687233954494429256e+00,2.647440000495204337e+00,2.625200113672746749e+00,2.678138621066592062e+00,2.670280211345140042e+00,2.859246674352875495e+00
1.810000000000000000e+05,2.692872380132631527e+00,2.692230481057188207e+00,2.651645982312938798e+00,2.630594226902375432e+00,2.681399904847320048e+00,2.674645881080379706e+00,2.864540924023311508e+00
1.820000000000000000e+05,2.696582275567388276e+00,2.695999820054187701e+00,2.655399827243017263e+00,2.632882262958541997e+00,2.686858816659211779e+00,2.678394972460777623e+00,2.869824801533641168e+00
1.830000000000000000e+05,2.701174038528236121e+00,2.700183551258051651e+00,2.659864481046823048e+00,2.636969890026815033e+00,2.690912961728910258e+00,2.682695867924575595e+00,2.875098358437405022e+00
1.840000000000000000e+05,2.705780947537061998e+00,2.705845576225408777e+00,2.664342472153539809e+00,2.640044684808315001e+00,2.695010220067782125e+00,2.689989175458406656e+00,2.880361645856887254e+00
1.850000000000000000e+05,2.708874437674253066e+00,2.708625877254703163e+00,2.669215377084213969e+00,2.642764326158012267e+00,2.699120802080663406e+00,2.694653552397437757e+00,2.885614714488299093e+00
1.860000000000000000e+05,2.712628248651628216e+00,2.711731286761236870e+00,2.674887914803038225e+00,2.646328169183415291e+00,2.703861153663518202e+00,2.696990094720175701e+00,2.890857614606885839e+00
1.870000000000000000e+05,2.715853364606006348e+00,2.715876388281431630e+00,2.677427801983217392e+00,2.650230892662997828e+00,2.709906758525582049e+00,2.700872814759149865e+00,2.896090396071948181e+00
1.880000000000000000e+05,2.719961901233092672e+00,2.720022320273337346e+00,2.683553729942810495e+00,2.653429542106760852e+00,2.712887758898637980e+00,2.706119835703327148e+00,2.901313108331789348e+00
1.890000000000000000e+05,2.722499144367314994e+00,2.726026113682061158e+00,2.687271480901034515e+00,2.658362214467329565e+00,2.718731998264735772e+00,2.710249533611331696e+00,2.906525800428580553e+00
1.900000000000000000e+05,2.725886709018821907e+00,2.730217546975407306e+00,2.691103686633392389e+00,2.662436541754522157e+00,2.721566763031419534e+00,2.713996655693160065e+00,2.911728521003154491e+00
1.910000000000000000e+05,2.731409494743737731e+00,2.734523642625749318e+00,2.695004367148555513e+00,2.665565454064305229e+00,2.723811914076739615e+00,2.717102964918532315e+00,2.916921318299721566e+00
1.920000000000000000e+05,2.733943426146831612e+00,2.737659603651520612e+00,2.698942162929476307e+00,2.669887310483346710e+00,2.727436656030676865e+00,2.721370570151524948e+00,2.922104240170515066e+00
1.930000000000000000e+05,2.736777695128827848e+00,2.740982050449925822e+00,2.702685886120900438e+00,2.673570356361906875e+00,2.729728887346150046e+00,2.724535676593325739e+00,2.927277334080363946e+00
1.940000000000000000e+05,2.740050795482716683e+00,2.744218905375964912e+00,2.707236627294477671e+00,2.677635695812432992e+00,2.732788902781239759e+00,2.728894435241695060e+00,2.932440647111196341e+00
1.950000000000000000e+05,2.743889819977660682e+00,2.747507734611789321e+00,2.710029823938820304e+00,2.680494662055697308e+00,2.735773405049697349e+00,2.732274834623159343e+00,2.937594225966472017e+00
1.960000000000000000e+05,2.746312496252523161e+00,2.751973662187205516e+00,2.713401905043828499e+00,2.684134944669962941e+00,2.738753960107005891e+00,2.735518169224628426e+00,2.942738116975550433e+00
1.970000000000000000e+05,2.748679721103564066e+00,2.757609020932921151e+00,2.719850621217217324e+00,2.687768148156556514e+00,2.742226868559447528e+00,2.740627380290558968e+00,2.947872366097990859e+00
1.980000000000000000e+05,2.754172127098600598e+00,2.762260814330157466e+00,2.722718228350466507e+00,2.691083016087739921e+00,2.744526621038688052e+00,2.744682347539405765e+00,2.952997018927786321e+00
1.990000000000000000e+05,2.758010533236863182e+00,2.766497802669257933e+00,2.725936811348168565e+00,2.698734903733449375e+00,2.747926744416114619e+00,2.750197330425106834e+00,2.958112120697537151e+00
2.000000000000000000e+05,2.761850794794449726e+00,2.768994044936108345e+00,2.730119165437478568e+00,2.702776630436604766e+00,2.753386601063619210e+00,2.753278137918391710e+00,2.963217716282558367e+00
2.010000000000000000e+05,2.766081658884723460e+00,2.773553569468966362e+00,2.734341423296238638e+00,2.706081342594768291e+00,2.756871274489794299e+00,2.759292079092731775e+00,2.968313850204927995e+00
2.020000000000000000e+05,2.769408249706773795e+00,2.777046395600889728e+00,2.739772144402718546e+00,2.709317077069534729e+00,2.760940857867342224e+00,2.762910329598291082e+00,2.973400566637473652e+00
2.030000000000000000e+05,2.774477120534063701e+00,2.780727237055345746e+00,2.742411935838926951e+00,2.711760464618262922e+00,2.763923486655690098e+00,2.766753695152807335e+00,2.978477909407701851e+00
2.040000000000000000e+05,2.781626709831330757e+00,2.785346108668453446e+00,2.746169146469491729e+00,2.714340294957727995e+00,2.769745971468165369e+00,2.771127855005082186e+00,2.983545922001666906e+00
2.050000000000000000e+05,2.787547816013142832e+00,2.787851518472600709e+00,2.750884227769241797e+00,2.717078036078390824e+00,2.774034831190225869e+00,2.775154086091728978e+00,2.988604647567784323e+00
2.060000000000000000e+05,2.791050277354078624e+00,2.791510995654949312e+00,2.755655179147125544e+00,2.721025514118614375e+00,2.777660411685247688e+00,2.778493823545671315e+00,2.993654128920587798e+00
2.070000000000000000e+05,2.794272758643526977e+00,2.795959913119253848e+00,2.759041710191960650e+00,2.724058488034422965e+00,2.781911481000209907e+00,2.782371147195045413e+00,2.998694408544432477e+00
2.080000000000000000e+05,2.798940985877328202e+00,2.801223883627339095e+00,2.763369105551699345e+00,2.727128113723963132e+00,2.786535819424873939e+00,2.785367927675573174e+00,3.003725528597140482e+00
2.090000000000000000e+05,2.801910891985682994e+00,2.805263601109294846e+00,2.766251732184668466e+00,2.730445876190715992e+00,2.790071307711628812e+00,2.789839704833964262e+00,3.008747530913599366e+00
2.100000000000000000e+05,2.804623079514254602e+00,2.807643261995950823e+00,2.770005738167407472e+00,2.732922559846317601e+00,2.792317285532569748e+00,2.793081432624619609e+00,3.013760457009302840e+00
2.110000000000000000e+05,2.808929884990543968e+00,2.812482600160807422e+00,2.774453562261833817e+00,2.737537667043476564e+00,2.794375723186947269e+00,2.798631719186248201e+00,3.018764348083843974e+00
2.120000000000000000e+05,2.811248991507834027e+00,2.817208047250195246e+00,2.777419395509851174e+00,2.740551913453506128e+00,2.798137538037743344e+00,2.800954443760283574e+00,3.023759245024356890e+00
2.130000000000000000e+05,2.814806323520543607e+00,2.820349377511750966e+00,2.780739416103521489e+00,2.743314340392503325e+00,2.800461331125601028e+00,2.804540623590840109e+00,3.028745188408909605e+00
2.140000000000000000e+05,2.818258732775154041e+00,2.824294072638606767e+00,2.785242556480492127e+00,2.746069161785516410e+00,2.804549156803397558e+00,2.807894818858628128e+00,3.033722218509848023e+00
2.150000000000000000e+05,2.821268610428783852e+00,2.826954233198870181e+00,2.788958803361249572e+00,2.748546879374429430e+00,2.809618130189940111e+00,2.810821765061323863e+00,3.038690375297093293e+00
2.160000000000000000e+05,2.825081161092930504e+00,2.831845047296961404e+00,2.793122237401183927e+00,2.752120540584885866e+00,2.813197550775516032e+00,2.815039350249570749e+00,3.043649698441390328e+00
2.170000000000000000e+05,2.828016432197282715e+00,2.834846730804029935e+00,2.796715615519011155e+00,2.754818647899650585e+00,2.817218789881132945e+00,2.818391520324810884e+00,3.048600227317514122e+00
2.180000000000000000e+05,2.832146050447187591e+00,2.837972674846410470e+00,2.798573023723873288e+00,2.757541757709236929e+00,2.820829848318065824e+00,2.822468361855787311e+00,3.053542001007427231e+00
2.190000000000000000e+05,2.836652471621853966e+00,2.843958443049160678e+00,2.802278541273247381e+00,2.761319246475086420e+00,2.826306529506138698e+00,2.827725501163696364e+00,3.058475058303395056e+00
2.200000000000000000e+05,2.840179469978179050e+00,2.846338838723556641e+00,2.805773438938515607e+00,2.764807874972025736e+00,2.829335455759030005e+00,2.830161281449390831e+00,3.063399437711057161e+00
2.210000000000000000e+05,2.843132412834586287e+00,2.849939347006913426e+00,2.808507161874047586e+00,2.768842628976969422e+00,2.831718053782146249e+00,2.833268891261470301e+00,3.068315177452455522e+00
2.220000000000000000e+05,2.847023928491696498e+00,2.856814479039799348e+00,2.812821403315334035e+00,2.771297195239907474e+00,2.835772606501942406e+00,2.837427025572403227e+00,3.073222315469021027e+00
2.230000000000000000e+05,2.851716354301450540e+00,2.859818036231390970e+00,2.815802232009542383e+00,2.774188345084575680e+00,2.840974704545912832e+00,2.842228491914995825e+00,3.078120889424519557e+00
2.240000000000000000e+05,2.854775788518638002e+00,2.862587755939588696e+00,2.820717649075163092e+00,2.777614024683460414e+00,2.843435646715776866e+00,2.848844473009034317e+00,3.083010936707955452e+00
2.250000000000000000e+05,2.858838915859180929e+00,2.865387507324373306e+00,2.823197251200497249e+00,2.779726242679828818e+00,2.847510394516382881e+00,2.851976100380961388e+00,3.087892494436436319e+00
2.260000000000000000e+05,2.862475772755178394e+00,2.869683092792249646e+00,2.827270560322224124e+00,2.783570812614286627e+00,2.853893949615447845e+00,2.856110585339378005e+00,3.092765599457999226e+00
2.270000000000000000e+05,2.866335103155801090e+00,2.872965938576305334e+00,2.829746104901433856e+00,2.787352338951700315e+00,2.857955084317681749e+00,2.859597786668810926e+00,3.097630288354397354e+00
2.280000000000000000e+05,2.869034148910032833e+00,2.876628291029925233e+00,2.833777981630922760e+00,2.791127743666098393e+00,2.861024668786538161e+00,2.863364126836572154e+00,3.102486597443848027e+00
2.290000000000000000e+05,2.873149931436145721e+00,2.881482071719238203e+00,2.837142974970391585e+00,2.797064511210322735e+00,2.862894728995698745e+00,2.866371358864904018e+00,3.107334562783746090e+00
2.300000000000000000e+05,2.877400320806333234e+00,2.883945722049760629e+00,2.840475475750737999e+00,2.802635965508017968e+00,2.867011048065935874e+00,2.869748823050803477e+00,3.112174220173338224e+00
2.310000000000000000e+05,2.881400816837359713e+00,2.887731197319168608e+00,2.847248885979670963e+00,2.805863301696064571e+00,2.870580905506500802e+00,2.873457205632249600e+00,3.117005605156362158e+00
2.320000000000000000e+05,2.885334491744755869e+00,2.892338369167609891e+00,2.850486641636137630e+00,2.809634394940519808e+00,2.873502316151750335e+00,2.877324610484582657e+00,3.121828753023649927e+00
2.330000000000000000e+05,2.888174375424953588e+00,2.896311334007332317e+00,2.853708004124360986e+00,2.812380018277698124e+00,2.876263683425282380e+00,2.880495330429590162e+00,3.126643698815697814e+00
2.340000000000000000e+05,2.890357500476567587e+00,2.899411852771055731e+00,2.857742124893654978e+00,2.815560490608679078e+00,2.880567482476553476e+00,2.883932127892641972e+00,3.131450477325199877e+00
2.350000000000000000e+05,2.892967748780992387e+00,2.902089382095098369e+00,2.860581695804550240e+00,2.817513679720744957e+00,2.883572907754481385e+00,2.888421121314427520e+00,3.136249123099550395e+00
2.360000000000000000e+05,2.896245264921256002e+00,2.906908155465755428e+00,2.863405481799745189e+00,2.820331207773152826e+00,2.886554721847260474e+00,2.893664693821758949e+00,3.141039670443309895e+00
2.370000000000000000e+05,2.900503506977289092e+00,2.909487938911443639e+00,2.866825706171663324e+00,2.823735747102933846e+00,2.890374735837937248e+00,2.896118536524251219e+00,3.145822153420641420e+00
2.380000000000000000e+05,2.903774666547212391e+00,2.913342892390718308e+00,2.869439141413981709e+00,2.826211671281754878e+00,2.893588991035517477e+00,2.898317357559149432e+00,3.150596605857713950e+00
2.390000000000000000e+05,2.906873584057202198e+00,2.915281990395733214e+00,2.872459301531800957e+00,2.829206362644306694e+00,2.897663285093368568e+00,2.901069560607794529e+00,3.155363061345073827e+00
2.400000000000000000e+05,2.910038773868349082e+00,2.920138599447595684e+00,2.876500106712985616e+00,2.833710133665353847e+00,2.901508388823114792e+00,2.904694744096824710e+00,3.160121553239985115e+00
2.410000000000000000e+05,2.913766320929619180e+00,2.924059284478699006e+00,2.879299600687942107e+00,2.836618481230529287e+00,2.905850331303239997e+00,2.908405440070877201e+00,3.164872114668740632e+00
2.420000000000000000e+05,2.921008713024996428e+00,2.926809776497623528e+00,2.883616817153014544e+00,2.840239093901875123e+00,2.909021447257693183e+00,2.912850402143697170e+00,3.169614778528941468e+00
2.430000000000000000e+05,2.925055830402558232e+00,2.930476150536069468e+00,2.887444515100575426e+00,2.843425992071104691e+00,2.912838860720649237e+00,2.916947301205488063e+00,3.174349577491747620e+00
2.440000000000000000e+05,2.929541344163324901e+00,2.934257575696328502e+00,2.890764037560544786e+00,2.846023958837214707e+00,2.915265062598457746e+00,2.921840203674826331e+00,3.179076544004099780e+00
2.450000000000000000e+05,2.933156465239063149e+00,2.937769742310330390e+00,2.894447676669573699e+00,2.849702269830150847e+00,2.920869717003919952e+00,2.925161539001556843e+00,3.183795710290912684e+00
2.460000000000000000e+05,2.935920016997030313e+00,2.939711190887122960e+00,2.897447541820287853e+00,2.854579285599987859e+00,2.924643010133171295e+00,2.928006305491106520e+00,3.188507108357239161e+00
2.470000000000000000e+05,2.938119526077338506e+00,2.943417844135672645e+00,2.900579377000615633e+00,2.857797071107041287e+00,2.929680502449180768e+00,2.931159823240143236e+00,3.193210769990408870e+00
2.480000000000000000e+05,2.942235214921050446e+00,2.948180928858947780e+00,2.904462555704466986e+00,2.860801324286083691e+00,2.933719850951640673e+00,2.934738811899870292e+00,3.197906726762136387e+00
2.490000000000000000e+05,2.945196884249500879e+00,2.952155539229243342e+00,2.908471652630046922e+00,2.864621581053873101e+00,2.940261866183622175e+00,2.939277299091939799e+00,3.202595010030605760e+00
2.500000000000000000e+05,2.947949668958684821e+00,2.954984502878259089e+00,2.912685399485261062e+00,2.868211161322616221e+00,2.944030196366499652e+00,2.941866609074483829e+00,3.207275650942527090e+00
2.510000000000000000e+05,2.951586686096931089e+00,2.958145068204403927e+00,2.915782897823198550e+00,2.872111184975569831e+00,2.946813384512307010e+00,2.944794963126298182e+00,3.211948680435166459e+00
2.520000000000000000e+05,2.955004696723063873e+00,2.961806187172524307e+00,2.918520701146756213e+00,2.875438951693954692e+00,2.950146558222192628e+00,2.948781520026147795e+00,3.216614129238351882e+00
2.530000000000000000e+05,2.957607131430863401e+00,2.964284723091157314e+00,2.921661138578211858e+00,2.878125237046174068e+00,2.953316939630921123e+00,2.952935399086968005e+00,3.221272027876453503e+00
2.540000000000000000e+05,2.961311217380586225e+00,2.967181807147567518e+00,2.925570182878253434e+00,2.882178304127061441e+00,2.957207036857217197e+00,2.954983333006638180e+00,3.225922406670338916e+00
2.550000000000000000e+05,2.965085117085314970e+00,2.971285847586546680e+00,2.929504608568701762e+00,2.884507272318000748e+00,2.960310309280167473e+00,2.957968636138522012e+00,3.230565295739303178e+00
2.560000000000000000e+05,2.967402371682694273e+00,2.973440537390491745e+00,2.933754305097632908e+00,2.887112842739763874e+00,2.963527226719434804e+00,2.962128877038381347e+00,3.235200725002977062e+00
2.570000000000000000e+05,2.969591608215226053e+00,2.976648525644227217e+00,2.936696012330934025e+00,2.889700060433422202e+00,2.967197125271428426e+00,2.965009540452698822e+00,3.239828724183209108e+00
2.580000000000000000e+05,2.973132014918580701e+00,2.979363657680301092e+00,2.939703511239927014e+00,2.892630118509093240e+00,2.971445406997323957e+00,2.968072012321234077e+00,3.244449322805926794e+00
2.590000000000000000e+05,2.978134656576042705e+00,2.982688422336476464e+00,2.944682695276304774e+00,2.896937507197396844e+00,2.974885755743339466e+00,2.973072176961800483e+00,3.249062550202971966e+00
2.600000000000000000e+05,2.980625158187755197e+00,2.987051526463321949e+00,2.947007484156552337e+00,2.900237028153756835e+00,2.979462457650496443e+00,2.976681238176213551e+00,3.253668435513917156e+00
2.610000000000000000e+05,2.983108024259716995e+00,2.990211590100308570e+00,2.950048954817654501e+00,2.903958987739465147e+00,2.981615175170359677e+00,2.979769142410205518e+00,3.258267007687857042e+00
2.620000000000000000e+05,2.987030331854178655e+00,2.995270911400909508e+00,2.955430396561095741e+00,2.905865815111249528e+00,2.984600584804075751e+00,2.983693241184735889e+00,3.262858295485178139e+00
2.630000000000000000e+05,2.990877235610841733e+00,2.997979994565376227e+00,2.957401857635018949e+00,2.907755644157898001e+00,2.987876363125011370e+00,2.988362224873320816e+00,3.267442327479308961e+00
2.640000000000000000e+05,2.995048218608260537e+00,3.000367323538353226e+00,2.960289206706246734e+00,2.909838898261809526e+00,2.992111239060382122e+00,2.992969632689210790e+00,3.272019132058446633e+00
2.650000000000000000e+05,2.998153468573534042e+00,3.002228390733082009e+00,2.963404861394126399e+00,2.913223809781205986e+00,2.995314533496062914e+00,2.996710798278160226e+00,3.276588737427264419e+00
2.660000000000000000e+05,3.000757211525627355e+00,3.004949946997987009e+00,2.967070629199854537e+00,2.915700621838478224e+00,2.998138915543705263e+00,3.001400369444574334e+00,3.281151171608596595e+00
2.670000000000000000e+05,3.004470446199907663e+00,3.007827034250315723e+00,2.970942036184089030e+00,2.917822644551806732e+00,3.000958615603092294e+00,3.003937316473107799e+00,3.285706462445106002e+00
2.680000000000000000e+05,3.007374331518879895e+00,3.010788001023388727e+00,2.973891452364727961e+00,2.922459736074821457e+00,3.003724567820837965e+00,3.007049799809656143e+00,3.290254637600927623e+00
2.690000000000000000e+05,3.009404602619052405e+00,3.014527657533927485e+00,2.976117336295001081e+00,2.924841152367962049e+00,3.006945149888294200e+00,3.009632120174552838e+00,3.294795724563297501e+00
2.700000000000000000e+05,3.013707235937914675e+00,3.018807454373060306e+00,2.979981483234469319e+00,2.928260181926308547e+00,3.009617363596855721e+00,3.012618265932113015e+00,3.299329750644156789e+00
2.710000000000000000e+05,3.015817747411051908e+00,3.021984973179570044e+00,2.982590937040284107e+00,2.931101515459962670e+00,3.012400403473054489e+00,3.014898025617593014e+00,3.303856742981741590e+00
2.720000000000000000e+05,3.018630976427454815e+00,3.024707264541047991e+00,2.986117274498426344e+00,2.933243168040518878e+00,3.015605443750362546e+00,3.018583704615013907e+00,3.308376728542149703e+00
2.730000000000000000e+05,3.022652706072308515e+00,3.027555122377918018e+00,2.988482853745785484e+00,2.936258216156486966e+00,3.018581013205890340e+00,3.022617812680690630e+00,3.312889734120893159e+00
2.740000000000000000e+05,3.026658159492919609e+00,3.031036652919194996e+00,2.990791013943773446e+00,2.940480175668057417e+00,3.021947528639336689e+00,3.026489993454925198e+00,3.317395786344428554e+00
2.750000000000000000e+05,3.029911371071728698e+00,3.034938247243664566e+00,2.994863302521615367e+00,2.942709544566955326e+00,3.025163602428371235e+00,3.029817564604712299e+00,3.321894911671671391e+00
2.760000000000000000e+05,3.032604837184403657e+00,3.039761006595755877e+00,2.997993729225484127e+00,2.945735506677108262e+00,3.029164237780456848e+00,3.033671434033911929e+00,3.326387136395492661e+00
2.770000000000000000e+05,3.036307765801930181e+00,3.043203472947108246e+00,2.999836889915520555e+00,2.949415988773244290e+00,3.032060696354879514e+00,3.036005747222112472e+00,3.330872486644197661e+00
2.780000000000000000e+05,3.039790940081633863e+00,3.046150784742208018e+00,3.003683233441486244e+00,2.955883972642272983e+00,3.033876748168582882e+00,3.040471933880709798e+00,3.335350988382987047e+00
2.790000000000000000e+05,3.042973659188983770e+00,3.048654513936276622e+00,3.006936326423864436e+00,2.959614764234841822e+00,3.036735314640930827e+00,3.042703198489464356e+00,3.339822667415401902e+00
2.800000000000000000e+05,3.046767774609396184e+00,3.052199151552818179e+00,3.010629914651334449e+00,2.963419948040108665e+00,3.039472923511512992e+00,3.045790267623905034e+00,3.344287549384751479e+00
2.810000000000000000e+05,3.048948979736473497e+00,3.054485246400076459e+00,3.012826839428518255e+00,2.965810732960773688e+00,3.042174300020717315e+00,3.049970653013943434e+00,3.348745659775524075e+00
2.820000000000000000e+05,3.052219696676394367e+00,3.057289201349375318e+00,3.016558802278506590e+00,2.968110456187790014e+00,3.043569607455250736e+00,3.052643842491021609e+00,3.353197023914781916e+00
2.830000000000000000e+05,3.055137885629239047e+00,3.060435329852674968e+00,3.019603924050747068e+00,2.972741236873186477e+00,3.047701365892435010e+00,3.055952897605904717e+00,3.357641666973541827e+00
2.840000000000000000e+05,3.059761919912981298e+00,3.063021547452292381e+00,3.022024269887911174e+00,2.975153726812937105e+00,3.051576133697661231e+00,3.059587426253623121e+00,3.362079613968135927e+00
2.850000000000000000e+05,3.063894621331953338e+00,3.066572230491644291e+00,3.026076896448825604e+00,2.978248609130080382e+00,3.054841987229047096e+00,3.062061894215620583e+00,3.366510889761561653e+00
2.860000000000000000e+05,3.068774835641272514e+00,3.070100685213143166e+00,3.030547569363057470e+00,2.980240991558072761e+00,3.058336981131046350e+00,3.065011249948371042e+00,3.370935519064812258e+00
2.870000000000000000e+05,3.072648092825994937e+00,3.073231320794966415e+00,3.034473418144552959e+00,2.984965210962944759e+00,3.060460041896949424e+00,3.067310391850027518e+00,3.375353526438194862e+00
2.880000000000000000e+05,3.074955539050957309e+00,3.076303265290188271e+00,3.038288839151523923e+00,2.987709686734193237e+00,3.062888701119617085e+00,3.069815451649980709e+00,3.379764936292632971e+00
2.890000000000000000e+05,3.076768838665474792e+00,3.079677061904384061e+00,3.040735533652637379e+00,2.990542654906349629e+00,3.064990799431399182e+00,3.072675767345840470e+00,3.384169772890953443e+00
2.900000000000000000e+05,3.079518211921086213e+00,3.083614881959437781e+00,3.042681206255251514e+00,2.993092025215014829e+00,3.066786529576277065e+00,3.076492405469194225e+00,3.388568060349158806e+00
2.910000000000000000e+05,3.082073864868644542e+00,3.085783059124080019e+00,3.044716179464244110e+00,2.995784558141887821e+00,3.070395634721228006e+00,3.079485071115361627e+00,3.392959822637688028e+00
2.920000000000000000e+05,3.084567976304501968e+00,3.089035981826151911e+00,3.048117421239896707e+00,2.998059020174591804e+00,3.075442779509119706e+00,3.083374801788734576e+00,3.397345083582658631e+00
2.930000000000000000e+05,3.087511192456565912e+00,3.092544801609169447e+00,3.052397814437956658e+00,3.000920173084661524e+00,3.079988290904225767e+00,3.086070249638953378e+00,3.401723866867099488e+00
2.940000000000000000e+05,3.089584837802923811e+00,3.095874180924865104e+00,3.055466121174909677e+00,3.004954491134971040e+00,3.083535110363759379e+00,3.088220485604927568e+00,3.406096196032166290e+00
2.950000000000000000e+05,3.093030467598929967e+00,3.097514407342208731e+00,3.057988711724330511e+00,3.007640741849681998e+00,3.087217470619665338e+00,3.091526357488811882e+00,3.410462094478345918e+00
2.960000000000000000e+05,3.096079021275211396e+00,3.100884290184112935e+00,3.059816024751015551e+00,3.011151557008818092e+00,3.090790774869998092e+00,3.095468332811483592e+00,3.414821585466646159e+00
2.970000000000000000e+05,3.098684889415065591e+00,3.103762866529033548e+00,3.061830870618491574e+00,3.014644136630943105e+00,3.093128787259304513e+00,3.097935894248120547e+00,3.419174692119772541e+00
2.980000000000000000e+05,3.101643964758836081e+00,3.109097242751352574e+00,3.065186195896141275e+00,3.018003046916966969e+00,3.096919807130826818e+00,3.100184392707113545e+00,3.423521437423292735e+00
2.990000000000000000e+05,3.105585501186927111e+00,3.112667859252676639e+00,3.069757243555904402e+00,3.020519506370063390e+00,3.099085694377414324e+00,3.101826466625626555e+00,3.427861844226787635e+00
3.000000000000000000e+05,3.108870964884197452e+00,3.115338934423825812e+00,3.072914528040796345e+00,3.022493451895783334e+00,3.102760799543250680e+00,3.104093590642873490e+00,3.432195935244989116e+00
3.010000000000000000e+05,3.111763829135023585e+00,3.118576710604921587e+00,3.075302958827462962e+00,3.024895953243942337e+00,3.105444574605089603e+00,3.108689012405870589e+00,3.436523733058907126e+00
3.020000000000000000e+05,3.115662124225362373e+00,3.121225248818540798e+00,3.078522096268038410e+00,3.029147974759010875e+00,3.110702382843116176e+00,3.112100795627351868e+00,3.440845260116943027e+00
3.030000000000000000e+05,3.117951566200634517e+00,3.123066550827751531e+00,3.082164764819194325e+00,3.031370401055342167e+00,3.112802319008467045e+00,3.114160895220949854e+00,3.445160538735991373e+00
3.040000000000000000e+05,3.120399399935819940e+00,3.124853060991488185e+00,3.086384139339729327e+00,3.033176808745349451e+00,3.115859805512290137e+00,3.117701260365187466e+00,3.449469591102530153e+00
3.050000000000000000e+05,3.124017512967083743e+00,3.128510326343790560e+00,3.090047527511254444e+00,3.036914611763892768e+00,3.118436168224042238e+00,3.120254702433762795e+00,3.453772439273697259e+00
3.060000000000000000e+05,3.126825035202419389e+00,3.131671096119506004e+00,3.093456995437676937e+00,3.038823863846126017e+00,3.122492332845773877e+00,3.123580365981057483e+00,3.458069105178358527e+00
3.070000000000000000e+05,3.130869831023263661e+00,3.136279872919499834e+00,3.098885478824198181e+00,3.042298719476066005e+00,3.126484579022777321e+00,3.127086588621435848e+00,3.462359610618161554e+00
3.080000000000000000e+05,3.133301209356794015e+00,3.138020619771877406e+00,3.101734694213581278e+00,3.044044237569302425e+00,3.127922763697983388e+00,3.129591750823666363e+00,3.466643977268579313e+00
3.090000000000000000e+05,3.135340608644027416e+00,3.140772522192344596e+00,3.104511300275134111e+00,3.047224669540874231e+00,3.129924939533502481e+00,3.132228249062257497e+00,3.470922226679942657e+00
3.100000000000000000e+05,3.137522266280166061e+00,3.143878223633408187e+00,3.108261823763313725e+00,3.051408170517528884e+00,3.132719229697312979e+00,3.134825700428478523e+00,3.475194380278461725e+00
3.110000000000000000e+05,3.140706675413255322e+00,3.147167212755689114e+00,3.111009585444765690e+00,3.053461525685281952e+00,3.136184281426531495e+00,3.138085204779050841e+00,3.479460459367236247e+00
3.120000000000000000e+05,3.143956761559973945e+00,3.149848014510860938e+00,3.112959583023448662e+00,3.056096368245483141e+00,3.139058562158061783e+00,3.140744041757480343e+00,3.483720485127254740e+00
3.130000000000000000e+05,3.146515307704485398e+00,3.152888660651381958e+00,3.115475493879043878e+00,3.058484258205525830e+00,3.142354263094006228e+00,3.144320125144689282e+00,3.487974478618384833e+00
3.140000000000000000e+05,3.148450257240865469e+00,3.156230045880336732e+00,3.119457816617788648e+00,3.061949013110218498e+00,3.145667003962377972e+00,3.147513456692229816e+00,3.492222460780350257e+00
3.150000000000000000e+05,3.152205767846007145e+00,3.160718640638059629e+00,3.122104598184621604e+00,3.065008362868004710e+00,3.149140540898529128e+00,3.150260438449852263e+00,3.496464452433700743e+00
3.160000000000000000e+05,3.154715770943825603e+00,3.164097706764902096e+00,3.123995896578759535e+00,3.067280665605211620e+00,3.152178132903095342e+00,3.156341337225572641e+00,3.500700474280769026e+00
3.170000000000000000e+05,3.157282903573126465e+00,3.166594863908671176e+00,3.126718130978685117e+00,3.070557484469532916e+00,3.155977804215749138e+00,3.159928607902337649e+00,3.504930546906619870e+00
3.180000000000000000e+05,3.162225096274760450e+00,3.169219051802852682e+00,3.129337388675120568e+00,3.073482046941807155e+00,3.159217238379985027e+00,3.161934652022391656e+00,3.509154690779986652e+00
3.190000000000000000e+05,3.164450639725236325e+00,3.172027911893597452e+00,3.131883396479513415e+00,3.076989521946264627e+00,3.161959540634073917e+00,3.163669797501981851e+00,3.513372926254201722e+00
3.200000000000000000e+05,3.167342419664101794e+00,3.175490222384063088e+00,3.136063314389438084e+00,3.080005869892368242e+00,3.165140103301248065e+00,3.166006577501156993e+00,3.517585273568113902e+00
3.210000000000000000e+05,3.169662224488755342e+00,3.178357937665675870e+00,3.138811139519556814e+00,3.082508838810483986e+00,3.167262898680002436e+00,3.169173958593775708e+00,3.521791752846997525e+00
3.220000000000000000e+05,3.172621430611073823e+00,3.180693984242890071e+00,3.141840198387687355e+00,3.085337118066609818e+00,3.170506428369315621e+00,3.171750725056001752e+00,3.525992384103452615e+00
3.230000000000000000e+05,3.176619975216968594e+00,3.183456751480657765e+00,3.145492372465044539e+00,3.089652599135010558e+00,3.173688420358713902e+00,3.173982534412473910e+00,3.530187187238295721e+00
3.240000000000000000e+05,3.180915138268165077e+00,3.186719612505910515e+00,3.148182757520627817e+00,3.093472424286357825e+00,3.176717897758375209e+00,3.175888512985040268e+00,3.534376182041440106e+00
3.250000000000000000e+05,3.183315422744667167e+00,3.190178962572840504e+00,3.152043849952155696e+00,3.097926165378857455e+00,3.178490663407517847e+00,3.178200991298254507e+00,3.538559388192769273e+00
3.260000000000000000e+05,3.185757798275607566e+00,3.192910778679555861e+00,3.156099209855100174e+00,3.102041497980440266e+00,3.181042216166088732e+00,3.180800278147414062e+00,3.542736825262998490e+00
3.270000000000000000e+05,3.188736789797878224e+00,3.195988285983441202e+00,3.158526443202656520e+00,3.105022095891063927e+00,3.183607829577437265e+00,3.184591453978692144e+00,3.546908512714531447e+00
3.280000000000000000e+05,3.191807379239040898e+00,3.198740142558128330e+00,3.160268504075094409e+00,3.108526424452898507e+00,3.186892667530153656e+00,3.187556992372023501e+00,3.551074469902303576e+00
3.290000000000000000e+05,3.194401660490711503e+00,3.201022863580741618e+00,3.162740141831463792e+00,3.110411303045137021e+00,3.190535951669820403e+00,3.190117576606686711e+00,3.555234716074621382e+00
3.300000000000000000e+05,3.197741872034320920e+00,3.204139117012866578e+00,3.164919730188523239e+00,3.113031365763162306e+00,3.192687059323763066e+00,3.192797447315186776e+00,3.559389270373989334e+00
3.310000000000000000e+05,3.201786292647963883e+00,3.206696126969953209e+00,3.167550273343560541e+00,3.116506642521796433e+00,3.195477896481097257e+00,3.195282840472583707e+00,3.563538151837930990e+00
3.320000000000000000e+05,3.206183368016612523e+00,3.211376748337192666e+00,3.171527814103838327e+00,3.120987523977846401e+00,3.197741955284738147e+00,3.199145303470544377e+00,3.567681379399800345e+00
3.330000000000000000e+05,3.208324707982736168e+00,3.214661265804367396e+00,3.175354379890155343e+00,3.123022516748785282e+00,3.201620797554835640e+00,3.202493569086119596e+00,3.571818971889586525e+00
3.340000000000000000e+05,3.210448201697079451e+00,3.217166519717042927e+00,3.177490221162555084e+00,3.126621735910888766e+00,3.204908427529824966e+00,3.204448462703993972e+00,3.575950948034708254e+00
3.350000000000000000e+05,3.213378913147700633e+00,3.219571612300296426e+00,3.180914974247861959e+00,3.128316103509358292e+00,3.207777946343592479e+00,3.207448910314131041e+00,3.580077326460802567e+00
3.360000000000000000e+05,3.215780942785001706e+00,3.221496384331275831e+00,3.183793420304310118e+00,3.133529787356160057e+00,3.209798682296258310e+00,3.210385889581730545e+00,3.584198125692503734e+00
3.370000000000000000e+05,3.217755956127118733e+00,3.223842487535759194e+00,3.186058424565245684e+00,3.136678683316211913e+00,3.213022949771877190e+00,3.212473881567408096e+00,3.588313364154215535e+00
3.380000000000000000e+05,3.219911495058914053e+00,3.226518392422165871e+00,3.189989289913268689e+00,3.140326549972208614e+00,3.216487247776411706e+00,3.215896228894620013e+00,3.592423060170875981e+00
3.390000000000000000e+05,3.222892633974649979e+00,3.229872324397856875e+00,3.193296911467538468e+00,3.142857935334073094e+00,3.218187859085715807e+00,3.218377664235383406e+00,3.596527231968714045e+00
3.400000000000000000e+05,3.225585981479105691e+00,3.232380520565043991e+00,3.195519052925212211e+00,3.145126068731515012e+00,3.220755800424117243e+00,3.221769638045177686e+00,3.600625897675997944e+00
3.410000000000000000e+05,3.229566708072931114e+00,3.236025916177724504e+00,3.198210795769595549e+00,3.147256979063913551e+00,3.224252447382618403e+00,3.223224679042301588e+00,3.604719075323777666e+00
3.420000000000000000e+05,3.232211241258660550e+00,3.238563555903095637e+00,3.201087613652616959e+00,3.149257346231716159e+00,3.226510857694588452e+00,3.227031827286812593e+00,3.608806782846619488e+00
3.430000000000000000e+05,3.235951771992743531e+00,3.240457441215955470e+00,3.204818764845275059e+00,3.150927511841443707e+00,3.228553087084689022e+00,3.231471470235882659e+00,3.612889038083333837e+00
3.440000000000000000e+05,3.240797348491781360e+00,3.243576092683699397e+00,3.208958200048790843e+00,3.153694869133032430e+00,3.232310820323346601e+00,3.234136549577712572e+00,3.616965858777693832e+00
3.450000000000000000e+05,3.243864870906427722e+00,3.245707564144060697e+00,3.214152435016013776e+00,3.156870589951394024e+00,3.234969282072230889e+00,3.235422866179106904e+00,3.621037262579149374e+00
3.460000000000000000e+05,3.248439262288222551e+00,3.249308330289800040e+00,3.217718046773542007e+00,3.161122806503291915e+00,3.240427332242846958e+00,3.237804392389493469e+00,3.625103267043533695e+00
3.470000000000000000e+05,3.251434972428373538e+00,3.252362380860256863e+00,3.219046469088515661e+00,3.164110938622394009e+00,3.242545695497811131e+00,3.239835622443331786e+00,3.629163889633761908e+00
3.480000000000000000e+05,3.256929664069802222e+00,3.254740982772658331e+00,3.222715123278160121e+00,3.166529982676994148e+00,3.244150173349882760e+00,3.242415817174301385e+00,3.633219147720523345e+00
3.490000000000000000e+05,3.258880377468135414e+00,3.257373943400948324e+00,3.225501906191916568e+00,3.168034452202032725e+00,3.248193244606877084e+00,3.245611802902228060e+00,3.637269058582967229e+00
3.500000000000000000e+05,3.261270946106678004e+00,3.260184260280033275e+00,3.227905959171672112e+00,3.170627796277869948e+00,3.251012093405105663e+00,3.247098932084514278e+00,3.641313639409383018e+00
3.510000000000000000e+05,3.265619426750133947e+00,3.262329565827421174e+00,3.231108755677886357e+00,3.173252795238988622e+00,3.252708306498900193e+00,3.249954691513648797e+00,3.645352907297870981e+00
3.520000000000000000e+05,3.268050602542666105e+00,3.265341883395857181e+00,3.233025678114936685e+00,3.177517979533433845e+00,3.256526962549214144e+00,3.252338641727294810e+00,3.649386879257009664e+00
3.530000000000000000e+05,3.272153794470063826e+00,3.268517913469360270e+00,3.236340218330981511e+00,3.180243168231103645e+00,3.259089350502377247e+00,3.255497868788457705e+00,3.653415572206514472e+00
3.540000000000000000e+05,3.274099141115029976e+00,3.270558166223424212e+00,3.238466353759158256e+00,3.183574749037137330e+00,3.262119637511794235e+00,3.259186377555912451e+00,3.657439002977892706e+00
3.550000000000000000e+05,3.276384734354603978e+00,3.272044236610117895e+00,3.241354454218314363e+00,3.185158462934293055e+00,3.263802744530575062e+00,3.261877151263333108e+00,3.661457188315088374e+00
3.560000000000000000e+05,3.278119061542267954e+00,3.274876005407461044e+00,3.243326200108245683e+00,3.187479148976099630e+00,3.267608523450651337e+00,3.264364307551808508e+00,3.665470144875124348e+00
3.570000000000000000e+05,3.280979550592209915e+00,3.277464034518733804e+00,3.246937722168119045e+00,3.189440103445524421e+00,3.269341799529595693e+00,3.265815338730940542e+00,3.669477889228737411e+00
3.580000000000000000e+05,3.283794048541497812e+00,3.280135910366653196e+00,3.249968658819089473e+00,3.191434472100003639e+00,3.271176602700816893e+00,3.267895775625580868e+00,3.673480437861006642e+00
3.590000000000000000e+05,3.287365648103990345e+00,3.282453874089519275e+00,3.252445911615459817e+00,3.193954270904759252e+00,3.274217806541546594e+00,3.271626826899984852e+00,3.677477807171975588e+00
3.600000000000000000e+05,3.290493548978665306e+00,3.285330437349422095e+00,3.254215578960605981e+00,3.195687246233811507e+00,3.276325294876984096e+00,3.273566075490897731e+00,3.681470013477269987e+00
3.610000000000000000e+05,3.292810887932377639e+00,3.287557331726011167e+00,3.256038073207541572e+00,3.199998886495461381e+00,3.278459459444668767e+00,3.275574074913196743e+00,3.685457073008708395e+00
3.620000000000000000e+05,3.295218266688747288e+00,3.290607925454974936e+00,3.258806535817206917e+00,3.203075920061614124e+00,3.282491073971204987e+00,3.278201395074205937e+00,3.689439001914907923e+00
3.630000000000000000e+05,3.297447996125455916e+00,3.293203641886980559e+00,3.261355471279712592e+00,3.207311723106275991e+00,3.285922153564780679e+00,3.280851538453634753e+00,3.693415816261883311e+00
3.640000000000000000e+05,3.300311045969364532e+00,3.294908027060774458e+00,3.263509558238900432e+00,3.211767600783436816e+00,3.289738800210570080e+00,3.284940216846506722e+00,3.697387532033641122e+00
3.650000000000000000e+05,3.303216160961338410e+00,3.297353680636359030e+00,3.265993713052175895e+00,3.215274937890277407e+00,3.293597634101873339e+00,3.287425868598049306e+00,3.701354165132769047e+00
3.660000000000000000e+05,3.305267835594188242e+00,3.299682925941953560e+00,3.269604389600820671e+00,3.217292112567479379e+00,3.296098195563699651e+00,3.291384361129008340e+00,3.705315731381017663e+00
3.670000000000000000e+05,3.308547191741063820e+00,3.303238392709340498e+00,3.272718494416935187e+00,3.220596299115444427e+00,3.299218865278974899e+00,3.293491434560124720e+00,3.709272246519878191e+00
3.680000000000000000e+05,3.310777604089873538e+00,3.306731841065715827e+00,3.276278511242775249e+00,3.223722313059658173e+00,3.301952751543808073e+00,3.297942711748434785e+00,3.713223726211155817e+00
3.690000000000000000e+05,3.313229892868421178e+00,3.309242743654647878e+00,3.278453257490477224e+00,3.225345298875594402e+00,3.304031349314985988e+00,3.301135890162511632e+00,3.717170186037534574e+00
3.700000000000000000e+05,3.315562319250997536e+00,3.311736802049015882e+00,3.281343956965744102e+00,3.229639743163459809e+00,3.305994516916828996e+00,3.303252902604877583e+00,3.721111641503140888e+00
3.710000000000000000e+05,3.318903615207251523e+00,3.314276796829692895e+00,3.283847314152263053e+00,3.232255914980556977e+00,3.308256285181097045e+00,3.306155942155644123e+00,3.725048108034098693e+00
3.720000000000000000e+05,3.321227685562570642e+00,3.317615566090010404e+00,3.285908007366687311e+00,3.235507864973397929e+00,3.309974686515991138e+00,3.309064800243982862e+00,3.728979600979081876e+00
3.730000000000000000e+05,3.323171497310505096e+00,3.320030849937400941e+00,3.289841713119383559e+00,3.237830726240359169e+00,3.312425227017460561e+00,3.311899211332414605e+00,3.732906135609859177e+00
3.740000000000000000e+05,3.326518313802279359e+00,3.322630474355293462e+00,3.292189162310631190e+00,3.239586833744293681e+00,3.314909524409669128e+00,3.315685893315109212e+00,3.736827727121836862e+00
3.750000000000000000e+05,3.329113895121889932e+00,3.324560728339026827e+00,3.294636842814165245e+00,3.241448829273692045e+00,3.317028326726287890e+00,3.317250576451316046e+00,3.740744390634594296e+00
3.760000000000000000e+05,3.331245215889949485e+00,3.326808070160333308e+00,3.297501594618053922e+00,3.244201931636817360e+00,3.319376242032879620e+00,3.319390144756593219e+00,3.744656141192415078e+00
3.770000000000000000e+05,3.333958134667666773e+00,3.328260194677993944e+00,3.301449146639241938e+00,3.246407311888452440e+00,3.322733764572205928e+00,3.323134357533459315e+00,3.748562993764814166e+00
3.780000000000000000e+05,3.337871577927513655e+00,3.330788509815338916e+00,3.304599665976766243e+00,3.248865845798420082e+00,3.324195247698649602e+00,3.327561282833392475e+00,3.752464963247059249e+00
3.790000000000000000e+05,3.339991353728672951e+00,3.334576600431898630e+00,3.307118260536277887e+00,3.252672481555588746e+00,3.325900428209009441e+00,3.329859531333507316e+00,3.756362064460688099e+00
3.800000000000000000e+05,3.341790195586307188e+00,3.336951200010848329e+00,3.310106722245536925e+00,3.254827929677997833e+00,3.328104219052158363e+00,3.332214182032277261e+00,3.760254312154020617e+00
3.810000000000000000e+05,3.344248454534003212e+00,3.339771217459218455e+00,3.312370383966283249e+00,3.258341052948759753e+00,3.330156475960667883e+00,3.336554083000450976e+00,3.764141721002667307e+00
3.820000000000000000e+05,3.346830878901855932e+00,3.342749368495204099e+00,3.314484567814228733e+00,3.260678739034079232e+00,3.332795276923294026e+00,3.339138455279060391e+00,3.768024305610031544e+00
3.830000000000000000e+05,3.349273605865533021e+00,3.344358740928861540e+00,3.317045090718040434e+00,3.263892060204469647e+00,3.335363012151488338e+00,3.341437518165429221e+00,3.771902080507808730e+00
3.840000000000000000e+05,3.351800579088166643e+00,3.347162486278645765e+00,3.320899662965908217e+00,3.266710926400600901e+00,3.336688239934641143e+00,3.343373076450548265e+00,3.775775060156480123e+00
3.850000000000000000e+05,3.353405717347330839e+00,3.349260427681177266e+00,3.323571204279227143e+00,3.269904326483715984e+00,3.339396735069229294e+00,3.344967681636053847e+00,3.779643258945803108e+00
3.860000000000000000e+05,3.355927221594884102e+00,3.351729296147642589e+00,3.326704109991279523e+00,3.274044731430452160e+00,3.344657349473151520e+00,3.347785512706006994e+00,3.783506691195295701e+00
3.870000000000000000e+05,3.358908981346163003e+00,3.355461855209403765e+00,3.331306701743127707e+00,3.277040560403680303e+00,3.346728083504728168e+00,3.351528812668167490e+00,3.787365371154719274e+00
3.880000000000000000e+05,3.363178582450736087e+00,3.359333385378703518e+00,3.333770169012083340e+00,3.279896197141302316e+00,3.349558404791312505e+00,3.354170799273004544e+00,3.791219313004553282e+00
3.890000000000000000e+05,3.365365079992834740e+00,3.362548049130212213e+00,3.336317701464216690e+00,3.282938699412185635e+00,3.352199281924711727e+00,3.356496999317263530e+00,3.795068530856468669e+00
3.900000000000000000e+05,3.368061991235022035e+00,3.364564261827756919e+00,3.339438513001920850e+00,3.284832384673062045e+00,3.357084000196197238e+00,3.359201391749003562e+00,3.798913038753797267e+00
3.910000000000000000e+05,3.370729169283746884e+00,3.367949142960706688e+00,3.342047120205298150e+00,3.287023584160453371e+00,3.360550903541839052e+00,3.361215756940605814e+00,3.802752850671994089e+00
3.920000000000000000e+05,3.374892811024768235e+00,3.370816560146087326e+00,3.345186654147351835e+00,3.289339041943180053e+00,3.363764736978747116e+00,3.363576231922517756e+00,3.806587980519099190e+00
3.930000000000000000e+05,3.377758504737866652e+00,3.373197775013546007e+00,3.347505594567659948e+00,3.293478902939794395e+00,3.366314572223765289e+00,3.366072451291882039e+00,3.810418442136191963e+00
3.940000000000000000e+05,3.379194042000969844e+00,3.377025695897102331e+00,3.349226924510447567e+00,3.296265389778044064e+00,3.369993190482778456e+00,3.370929440469969229e+00,3.814244249297845446e+00
3.950000000000000000e+05,3.381225002313000605e+00,3.380100690105828143e+00,3.351249385292087712e+00,3.299073910550758271e+00,3.372464433272766904e+00,3.373897319184272714e+00,3.818065415712572630e+00
3.960000000000000000e+05,3.384169751043238250e+00,3.382512791488192505e+00,3.353375717231037445e+00,3.303194006996671650e+00,3.375608033351585213e+00,3.375900836902235636e+00,3.821881955023270994e+00
3.970000000000000000e+05,3.386884016033959721e+00,3.386152699388413012e+00,3.356153909187617579e+00,3.304861312466161216e+00,3.378162227548307861e+00,3.378111986138815581e+00,3.825693880807663483e+00
3.980000000000000000e+05,3.389646949693574385e+00,3.388044587938717100e+00,3.358637594040376761e+00,3.306665369553618117e+00,3.381410448358259657e+00,3.381645265463470107e+00,3.829501206578734607e+00
3.990000000000000000e+05,3.391967757186431509e+00,3.389650189186863116e+00,3.362925540095030641e+00,3.308364999236963033e+00,3.384354797485670030e+00,3.385347247303625906e+00,3.833303945785162536e+00
4.000000000000000000e+05,3.395237336332183720e+00,3.392482245859036460e+00,3.365756509626973259e+00,3.310787835102447119e+00,3.387132978181042642e+00,3.388853355751405783e+00,3.837102111811748983e+00
4.010000000000000000e+05,3.398683874343122024e+00,3.396859162214081351e+00,3.368055211205704502e+00,3.313426162402677289e+00,3.388944136008536834e+00,3.390946067405636200e+00,3.840895717979843749e+00
4.020000000000000000e+05,3.401075449269009621e+00,3.398783495447477154e+00,3.371075512276225261e+00,3.316426087484924956e+00,3.390912008918767206e+00,3.393380217221992901e+00,3.844684777547767052e+00
4.030000000000000000e+05,3.403672032002889924e+00,3.401190135497369926e+00,3.374474285545872920e+00,3.319113392470290247e+00,3.393903893164485375e+00,3.397916409031911833e+00,3.848469303711226974e+00
4.040000000000000000e+05,3.406637812067350612e+00,3.403136243548896545e+00,3.376700013459327021e+00,3.321138867515358584e+00,3.395936673049639865e+00,3.401025156224049883e+00,3.852249309603732907e+00
4.050000000000000000e+05,3.410359364708805074e+00,3.405134703876743441e+00,3.380531421925665025e+00,3.324053476223524317e+00,3.398721450329268645e+00,3.402294522364368579e+00,3.856024808297008111e+00
4.060000000000000000e+05,3.412824256148146773e+00,3.407069435480216235e+00,3.382851451814538724e+00,3.326348727115471693e+00,3.400815797327650269e+00,3.405418279640205714e+00,3.859795812801395165e+00
4.070000000000000000e+05,3.414508745073377760e+00,3.410581292353370042e+00,3.387107638488210171e+00,3.329818765342858367e+00,3.403559309207591088e+00,3.408089706151430587e+00,3.863562336066261427e+00
4.080000000000000000e+05,3.416354964039375552e+00,3.413179876475343821e+00,3.390219823103203023e+00,3.333351897718546564e+00,3.406104443992588937e+00,3.410397915782987344e+00,3.867324390980397819e+00
4.090000000000000000e+05,3.419548264546580008e+00,3.415755301198131200e+00,3.392128737046619325e+00,3.335663095211938600e+00,3.407499506612722939e+00,3.412578091179100159e+00,3.871081990372416737e+00
4.100000000000000000e+05,3.423678193262312153e+00,3.419167815061971094e+00,3.394147919749318287e+00,3.337594665448313069e+00,3.410208267596483545e+00,3.416601387331875017e+00,3.874835147011145065e+00
4.110000000000000000e+05,3.426644102538572767e+00,3.422753887947436180e+00,3.396706651198253990e+00,3.339871118586916765e+00,3.412721676038212415e+00,3.418114341007242984e+00,3.878583873606014976e+00
4.120000000000000000e+05,3.428964693567713162e+00,3.425289972255481263e+00,3.398972004610269604e+00,3.341778094265628329e+00,3.415291111833929083e+00,3.421538918572053944e+00,3.882328182807450290e+00
4.130000000000000000e+05,3.431559937840901853e+00,3.428678447010675256e+00,3.401220671872647205e+00,3.344855935484138065e+00,3.417548277335869855e+00,3.424191004821074191e+00,3.886068087207250610e+00
4.140000000000000000e+05,3.433963753244377859e+00,3.430777561816596322e+00,3.403897681541798281e+00,3.347401168185491827e+00,3.419867504451204354e+00,3.426698544352679399e+00,3.889803599338970574e+00
4.150000000000000000e+05,3.436907797747764448e+00,3.432952471753691892e+00,3.406565855534012144e+00,3.348974865240929688e+00,3.422457604695021249e+00,3.430173275065018235e+00,3.893534731678298222e+00
4.160000000000000000e+05,3.439139716965999849e+00,3.435444615852671468e+00,3.410001647038001682e+00,3.351917217367322177e+00,3.424951590051207528e+00,3.432517118382960586e+00,3.897261496643428469e+00
4.170000000000000000e+05,3.441699477038786092e+00,3.437755178331028727e+00,3.412208049016744127e+00,3.356024912177414166e+00,3.427440901899950099e+00,3.435243112603864279e+00,3.900983906595434814e+00
4.180000000000000000e+05,3.443797426550403440e+00,3.439321038835575273e+00,3.415177645960209674e+00,3.357613117812855208e+00,3.430143711763374181e+00,3.439153450508060761e+00,3.904701973838636153e+00
4.190000000000000000e+05,3.445127687628063207e+00,3.443163128371949711e+00,3.418258033087628434e+00,3.359007587192567534e+00,3.432712653967308736e+00,3.442153603715464527e+00,3.908415710620961825e+00
4.200000000000000000e+05,3.447668812767456181e+00,3.445276200185283244e+00,3.421086522079386683e+00,3.361119645994105287e+00,3.436193759655031599e+00,3.444409968696198199e+00,3.912125129134313095e+00
4.210000000000000000e+05,3.450516255461669513e+00,3.447953289223658846e+00,3.423673214428650358e+00,3.364534615401040707e+00,3.438566291137546749e+00,3.448491889762409723e+00,3.915830241514922871e+00
4.220000000000000000e+05,3.453385870521533008e+00,3.450766973167717744e+00,3.426481176650650884e+00,3.366677122967317359e+00,3.440538230119340568e+00,3.452965985141436267e+00,3.919531059843710086e+00
4.230000000000000000e+05,3.455613574707859570e+00,3.453722021500512440e+00,3.428387135849758849e+00,3.368464037438318570e+00,3.442319023030921077e+00,3.454909733323189069e+00,3.923227596146632745e+00
4.240000000000000000e+05,3.458438522394925219e+00,3.455856523225846022e+00,3.431517935038918665e+00,3.370413772266596553e+00,3.445167836955212781e+00,3.456849032287469203e+00,3.926919862395038319e+00
4.250000000000000000e+05,3.459604757020772414e+00,3.459791759564711189e+00,3.434334406693417385e+00,3.372408160952108158e+00,3.448021785178749354e+00,3.459946117045037628e+00,3.930607870506010570e+00
4.260000000000000000e+05,3.461820202605098373e+00,3.461830729689695296e+00,3.436228664499009877e+00,3.374726586757877289e+00,3.451058804755405163e+00,3.462718546287014920e+00,3.934291632342713729e+00
4.270000000000000000e+05,3.463736291528432876e+00,3.464533093588721968e+00,3.438812121318875370e+00,3.380472602039796381e+00,3.452591671014255237e+00,3.465229197669824401e+00,3.937971159714732661e+00
4.280000000000000000e+05,3.466217970038816709e+00,3.466217278244148936e+00,3.440421845667808398e+00,3.383341928742464866e+00,3.456269310182475518e+00,3.467075398367008177e+00,3.941646464378413039e+00
4.290000000000000000e+05,3.468028603384393005e+00,3.468309037492961266e+00,3.442767068144716447e+00,3.385833932725207163e+00,3.458952087298826861e+00,3.471043905303405008e+00,3.945317558037196193e+00
4.300000000000000000e+05,3.470046567595334253e+00,3.470326767015613711e+00,3.444523338424374526e+00,3.387840480758019801e+00,3.461350194611693798e+00,3.473079100619270942e+00,3.948984452341951723e+00
4.310000000000000000e+05,3.472030231380222265e+00,3.471932509056491867e+00,3.447135768836527614e+00,3.389953112652830391e+00,3.463405666289737450e+00,3.475829010268028707e+00,3.952647158891308798e+00
4.320000000000000000e+05,3.475622541575606128e+00,3.474594863276371015e+00,3.449704523732166628e+00,3.392382892429071983e+00,3.466646963192471897e+00,3.477881604553479278e+00,3.956305689231982559e+00
4.330000000000000000e+05,3.478081359086262037e+00,3.476957657790727740e+00,3.453104943322663267e+00,3.394569719638836247e+00,3.469122791593614252e+00,3.480134224147270139e+00,3.959960054859099632e+00
4.340000000000000000e+05,3.480298730633222259e+00,3.479117769952423167e+00,3.455614093469972392e+00,3.397632843229187127e+00,3.471432339042161086e+00,3.481920457563243865e+00,3.963610267216520100e+00
4.350000000000000000e+05,3.482802278637460169e+00,3.480653458279875601e+00,3.457569892524179345e+00,3.400341332137211570e+00,3.473539896798587545e+00,3.484891510603257192e+00,3.967256337697158131e+00
4.360000000000000000e+05,3.484957103436931991e+00,3.482219114709215191e+00,3.459642852739266861e+00,3.402984229739549615e+00,3.475448779266886223e+00,3.488346293829285294e+00,3.970898277643298169e+00
4.370000000000000000e+05,3.487599801020186074e+00,3.484681290167956913e+00,3.462693543378660976e+00,3.407416610284207170e+00,3.478305231844985634e+00,3.492141913397697639e+00,3.974536098346908908e+00
4.380000000000000000e+05,3.490021813090509184e+00,3.486365613461631874e+00,3.465546125522238619e+00,3.409718768210286743e+00,3.480098648412333517e+00,3.495330700238864274e+00,3.978169811049956817e+00
4.390000000000000000e+05,3.492237561640345156e+00,3.488498109830123983e+00,3.468109538370573119e+00,3.411477324332107486e+00,3.482054641434998654e+00,3.498533318263239877e+00,3.981799426944714337e+00
4.400000000000000000e+05,3.494224298864339495e+00,3.491119947984368643e+00,3.472059201617468283e+00,3.414279476125367196e+00,3.484542338103805204e+00,3.500579621478628223e+00,3.985424957174068084e+00
4.410000000000000000e+05,3.497580687732088744e+00,3.493463650262920606e+00,3.474972864628599112e+00,3.417045637577486250e+00,3.487373396525890623e+00,3.503603813340770312e+00,3.989046412831821709e+00
4.420000000000000000e+05,3.501475550035108242e+00,3.495004878314854846e+00,3.477247841156965613e+00,3.419719038628704411e+00,3.489280239087064750e+00,3.505974811801659374e+00,3.992663804963000107e+00
4.430000000000000000e+05,3.503733702605529743e+00,3.499303889532291212e+00,3.479901316372148834e+00,3.421947049909395133e+00,3.491652274140232048e+00,3.508934002302482202e+00,3.996277144564146955e+00
4.440000000000000000e+05,3.505790939908400183e+00,3.502737587204650449e+00,3.482212822638969474e+00,3.424305541348916293e+00,3.493172327829035861e+00,3.511094868756416965e+00,3.999886442583624468e+00
4.450000000000000000e+05,3.509412137408643773e+00,3.504793798186115250e+00,3.485785770158399632e+00,3.427590400737257958e+00,3.495072770467126499e+00,3.513160841925086153e+00,4.003491709921906505e+00
4.460000000000000000e+05,3.511615704477957234e+00,3.507296088999465322e+00,3.487983811257524991e+00,3.431130044419409053e+00,3.496896316675502270e+00,3.515079255271722491e+00,4.007092957431870772e+00
4.470000000000000000e+05,3.514717076429091147e+00,3.508694036739318900e+00,3.491374889625737943e+00,3.434962765774205451e+00,3.498817154309052047e+00,3.516721479002313355e+00,4.010690195919091927e+00
4.480000000000000000e+05,3.517240328855199660e+00,3.510781433645174587e+00,3.494174559970541605e+00,3.438782087516179420e+00,3.501066731292632017e+00,3.519283711960004446e+00,4.014283436142126682e+00
4.490000000000000000e+05,3.519323986894675294e+00,3.513950810029999428e+00,3.496298211720997084e+00,3.440855217497191365e+00,3.502408695833366004e+00,3.521847790103378895e+00,4.017872688812801130e+00
4.500000000000000000e+05,3.521188509901828301e+00,3.515631891473739667e+00,3.500024843110308037e+00,3.442894622852864295e+00,3.504347231811519858e+00,3.524046005081336030e+00,4.021457964596494072e+00
4.510000000000000000e+05,3.523912331055121250e+00,3.518336762040205734e+00,3.502359785953977678e+00,3.446153553200075326e+00,3.506613904532311476e+00,3.526877131648734398e+00,4.025039274112417687e+00
4.520000000000000000e+05,3.526004693088639286e+00,3.520590489945139900e+00,3.504323158699048424e+00,3.447836751534901989e+00,3.508902086721475300e+00,3.529872715637432545e+00,4.028616627933897298e+00
4.530000000000000000e+05,3.527651005231706272e+00,3.522736628228428035e+00,3.507319443255300317e+00,3.450833972252021820e+00,3.511172863757153539e+00,3.533317147929154967e+00,4.032190036588648496e+00
4.540000000000000000e+05,3.529613521821316269e+00,3.525180344896941431e+00,3.510853557962761773e+00,3.452827273978962719e+00,3.512966325827810099e+00,3.536547316114289519e+00,4.035759510559050689e+00
4.550000000000000000e+05,3.531865278117818807e+00,3.526747973416984649e+00,3.514133975708931157e+00,3.454784297656747327e+00,3.516258527380310195e+00,3.539110597696415894e+00,4.039325060282419777e+00
4.560000000000000000e+05,3.534015626794865916e+00,3.529270394883596840e+00,3.515853246882839400e+00,3.458406477524512468e+00,3.518679101769970341e+00,3.541022107148264819e+00,4.042886696151281711e+00
4.570000000000000000e+05,3.536393645458382196e+00,3.531579136311328693e+00,3.519113990979207074e+00,3.461184186349243852e+00,3.520713191298592282e+00,3.543297258331129296e+00,4.046444428513636282e+00
4.580000000000000000e+05,3.538849668714533880e+00,3.533702657274760739e+00,3.521899128680491931e+00,3.464023719739666607e+00,3.522427107731098239e+00,3.545866202153655777e+00,4.049998267673226238e+00
4.590000000000000000e+05,3.542021268914480991e+00,3.535403930137526185e+00,3.523952615495239193e+00,3.466625129985970499e+00,3.525687791317349440e+00,3.548182247345182283e+00,4.053548223889801072e+00
4.600000000000000000e+05,3.545066131105047980e+00,3.538245662355113286e+00,3.527278626505057080e+00,3.468530543575421010e+00,3.528083857997358574e+00,3.550465666686498434e+00,4.057094307379379039e+00
4.610000000000000000e+05,3.546816541017955959e+00,3.540740309451728240e+00,3.528831744101466050e+00,3.470778917031111188e+00,3.530111966937720336e+00,3.553434452147993472e+00,4.060636528314507387e+00
4.620000000000000000e+05,3.549717829684904569e+00,3.542716714452039728e+00,3.531744265171153252e+00,3.473552879674022709e+00,3.532904460620864384e+00,3.555236023580070182e+00,4.064174896824519934e+00
4.630000000000000000e+05,3.552335658663641205e+00,3.545250019198879166e+00,3.533535541321923379e+00,3.476486553030735394e+00,3.536564121752459045e+00,3.558326066052712733e+00,4.067709422995794633e+00
4.640000000000000000e+05,3.554976966005559014e+00,3.548067224626577865e+00,3.535710856617549247e+00,3.479161036186619871e+00,3.539100520845295694e+00,3.560507243687685452e+00,4.071240116872006709e+00
4.650000000000000000e+05,3.557993631696235948e+00,3.550235855233982996e+00,3.538056425575179631e+00,3.480186961762853137e+00,3.541247165299006294e+00,3.562759289597323686e+00,4.074766988454381789e+00
4.660000000000000000e+05,3.560509464796647539e+00,3.552581352580010954e+00,3.540512905459339166e+00,3.481994019623350312e+00,3.543395464835906949e+00,3.564679688349101649e+00,4.078290047701944587e+00
4.670000000000000000e+05,3.562031930512475242e+00,3.554596473787763333e+00,3.543289475709746394e+00,3.483928454823314702e+00,3.544818224205407375e+00,3.566768197988208655e+00,4.081809304531769378e+00
4.680000000000000000e+05,3.564462381133939317e+00,3.557324817719027976e+00,3.545929554535099282e+00,3.486338469899091130e+00,3.547149398392658970e+00,3.569677297501853364e+00,4.085324768819225127e+00
4.690000000000000000e+05,3.566389567122822069e+00,3.560024126792067367e+00,3.547707833737578920e+00,3.489071385543567771e+00,3.549899957116176008e+00,3.572675044357787932e+00,4.088836450398221523e+00
4.700000000000000000e+05,3.569620197233501546e+00,3.562709988481702172e+00,3.549276234539023633e+00,3.490693210782963796e+00,3.552271897801502210e+00,3.574721479148529113e+00,4.092344359061450554e+00
4.710000000000000000e+05,3.572135424670223269e+00,3.565319332992498147e+00,3.552616659676685273e+00,3.492068944190410029e+00,3.555339363556540455e+00,3.576649907359729319e+00,4.095848504560628101e+00
4.720000000000000000e+05,3.574435794483764361e+00,3.567916635762578004e+00,3.555111632045290904e+00,3.495674134166812941e+00,3.557832765936686847e+00,3.578732930977899684e+00,4.099348896606732851e+00
4.730000000000000000e+05,3.578022858901604764e+00,3.570280125617978140e+00,3.557220987786693822e+00,3.497607061938371675e+00,3.559957272227870284e+00,3.580871430511231246e+00,4.102845544870244332e+00
4.740000000000000000e+05,3.580772268377832024e+00,3.571867170838005645e+00,3.559881124513136985e+00,3.499284488262123460e+00,3.561652921899880031e+00,3.583649547050315576e+00,4.106338458981377393e+00
4.750000000000000000e+05,3.583739185914008640e+00,3.573674519259603777e+00,3.561602415921265141e+00,3.500863928459435837e+00,3.563413681145504608e+00,3.586164008972307027e+00,4.109827648530316679e+00
4.760000000000000000e+05,3.587597450460801696e+00,3.575399264316831527e+00,3.563291576181167652e+00,3.503363963080262877e+00,3.566199126404908881e+00,3.588765427925743712e+00,4.113313123067448451e+00
4.770000000000000000e+05,3.589261211044034727e+00,3.577887207028088490e+00,3.564917828711215098e+00,3.506931415880208736e+00,3.568395367377480643e+00,3.592593707825598059e+00,4.116794892103591508e+00
4.780000000000000000e+05,3.593116560635033263e+00,3.579604153085282903e+00,3.567522656075337029e+00,3.509536285014880796e+00,3.572990908374174435e+00,3.594290400754941217e+00,4.120272965110224561e+00
4.790000000000000000e+05,3.595256613279125713e+00,3.581782105755550116e+00,3.569654848154033555e+00,3.512009667007194746e+00,3.575279724096108502e+00,3.595917987652993641e+00,4.123747351519715387e+00
4.800000000000000000e+05,3.597975277537962313e+00,3.583868958373801483e+00,3.572013617816468756e+00,3.514171194172612367e+00,3.576735595453168770e+00,3.597537418080911209e+00,4.127218060725543758e+00
4.810000000000000000e+05,3.601018336388503993e+00,3.586490966791515245e+00,3.574426051132598481e+00,3.515681226115749514e+00,3.579228858254348111e+00,3.599908189493429500e+00,4.130685102082525262e+00
4.820000000000000000e+05,3.602399580107368493e+00,3.589108686426530692e+00,3.577059831871539863e+00,3.518427787222930370e+00,3.580920706207303184e+00,3.602144365869336617e+00,4.134148484907034238e+00
4.830000000000000000e+05,3.604461902595970102e+00,3.591067461802222471e+00,3.579229833825523510e+00,3.520265039709848054e+00,3.582610864654610872e+00,3.603882451242400808e+00,4.137608218477223154e+00
4.840000000000000000e+05,3.606495025140480593e+00,3.593225947232837836e+00,3.581354035770504041e+00,3.522950321499302984e+00,3.585007576134678686e+00,3.605605359480124061e+00,4.141064312033241990e+00
4.850000000000000000e+05,3.609445284408239196e+00,3.596447853900755387e+00,3.585065168670597213e+00,3.525302814613561431e+00,3.587391090244703928e+00,3.608774998138617462e+00,4.144516774777454060e+00
4.860000000000000000e+05,3.612042253770701983e+00,3.598908396346773397e+00,3.587386238848790931e+00,3.528033153898501695e+00,3.589253406671789826e+00,3.610629966028707560e+00,4.147965615874651846e+00
4.870000000000000000e+05,3.613762168200223002e+00,3.600906447205075800e+00,3.589620272135122470e+00,3.530028219654323784e+00,3.591646662894690589e+00,3.612344715978408338e+00,4.151410844452271931e+00
4.880000000000000000e+05,3.615807418715272448e+00,3.604192124553285304e+00,3.591870909944208101e+00,3.531879601325722984e+00,3.594231409544403455e+00,3.614237953732662323e+00,4.154852469600606391e+00
4.890000000000000000e+05,3.618713424504775400e+00,3.606496498009480245e+00,3.594542903060133909e+00,3.533766212265219142e+00,3.597885179572891001e+00,3.616521616395926841e+00,4.158290500373011511e+00
4.900000000000000000e+05,3.621658275818550710e+00,3.608567508436646420e+00,3.597136856596075738e+00,3.535812634735846505e+00,3.600482656453120267e+00,3.618880873445711632e+00,4.161724945786120955e+00
4.910000000000000000e+05,3.623655031741693566e+00,3.610956515722905102e+00,3.600565318251235158e+00,3.538187575629821779e+00,3.601876817242826601e+00,3.621156372047630079e+00,4.165155814820050040e+00
4.920000000000000000e+05,3.626576774542175308e+00,3.613163358773132661e+00,3.602066106811912416e+00,3.540258811049927345e+00,3.603817415780254052e+00,3.623774599072133729e+00,4.168583116418602685e+00
4.930000000000000000e+05,3.629154423377731753e+00,3.615195741207016589e+00,3.604663882246743167e+00,3.542704049653020437e+00,3.606704204831439498e+00,3.625955168307937182e+00,4.172006859489476582e+00
4.940000000000000000e+05,3.631599310366388611e+00,3.616486125868369150e+00,3.607735573996204259e+00,3.544691891763239511e+00,3.609178625017610997e+00,3.627236156845097703e+00,4.175427052904465697e+00
4.950000000000000000e+05,3.633279673134621746e+00,3.618223742978195379e+00,3.610680777546885434e+00,3.546296794365919158e+00,3.611096962442653435e+00,3.629813127624172520e+00,4.178843705499662775e+00
4.960000000000000000e+05,3.635193409091391104e+00,3.620860907816132901e+00,3.613156315938667706e+00,3.548924614865371030e+00,3.613751073354136256e+00,3.631350764346164883e+00,4.182256826075657408e+00
4.970000000000000000e+05,3.637557678261212679e+00,3.622277114894500993e+00,3.615194625209636747e+00,3.551249506511636955e+00,3.616480237825849819e+00,3.632869502174877585e+00,4.185666423397737645e+00
4.980000000000000000e+05,3.639667119451240662e+00,3.624523876329247773e+00,3.617354640702251878e+00,3.553958866118799520e+00,3.618851687132623063e+00,3.636068728615007739e+00,4.189072506196085399e+00
4.990000000000000000e+05,3.642088303414793948e+00,3.626418225705625886e+00,3.619037092570755121e+00,3.555783595382256301e+00,3.620657604268948671e+00,3.637316856780255403e+00,4.192475083165971839e+00
5.000000000000000000e+05,3.644275709060158075e+00,3.628341780281330475e+00,3.620499925677314046e+00,3.557869822449167607e+00,3.621861689289307851e+00,3.640427015214799944e+00,4.195874162967953680e+00
5.010000000000000000e+05,3.646568109407637870e+00,3.630446627137059679e+00,3.622350394893105285e+00,3.559784473079081746e+00,3.625205331975536627e+00,3.642129106863984500e+00,4.199269754228064144e+00
5.020000000000000000e+05,3.649320870550958773e+00,3.633346209024385320e+00,3.625306270752016946e+00,3.561228630958035879e+00,3.627076679648886692e+00,3.643797069290970025e+00,4.202661865538006580e+00
5.030000000000000000e+05,3.651939380316823858e+00,3.635968481324793444e+00,3.627508293677600193e+00,3.564492798972751508e+00,3.629085959156569619e+00,3.645665357777414517e+00,4.206050505455343647e+00
5.040000000000000000e+05,3.653235138898904388e+00,3.637046969589404100e+00,3.628890280172573313e+00,3.566413927065746670e+00,3.632096443517408790e+00,3.648451555300676219e+00,4.209435682503685605e+00
5.050000000000000000e+05,3.655497394787285970e+00,3.639447357653931903e+00,3.631327620798827649e+00,3.568724816900820773e+00,3.635153006355106520e+00,3.651144961338818273e+00,4.212817405172879504e+00
5.060000000000000000e+05,3.658186753066098973e+00,3.642094158019687722e+00,3.633216908933897482e+00,3.570897019335125933e+00,3.636293351131457907e+00,3.653006070588870724e+00,4.216195681919194804e+00
5.070000000000000000e+05,3.660875304618964599e+00,3.643537609917499420e+00,3.635415772001246548e+00,3.573893662167713092e+00,3.638536931838423527e+00,3.655521978864143318e+00,4.219570521165506349e+00
5.080000000000000000e+05,3.662848616558401993e+00,3.645452746889881190e+00,3.636779657237053875e+00,3.576286097723064827e+00,3.641703721990315223e+00,3.657941513792651200e+00,4.222941931301481766e+00
5.090000000000000000e+05,3.664858060440530974e+00,3.648833081214241325e+00,3.639187021805168065e+00,3.578379394550865733e+00,3.643935051208851306e+00,3.660034373828650267e+00,4.226309920683760879e+00
5.100000000000000000e+05,3.666521259753281914e+00,3.650827132372922890e+00,3.641908587618419624e+00,3.580683976125758949e+00,3.646179897642626955e+00,3.662891170066846058e+00,4.229674497636137787e+00
5.110000000000000000e+05,3.667999801223325029e+00,3.653475520181286296e+00,3.644077498754333178e+00,3.582319387372221442e+00,3.648675575567065010e+00,3.665258036802482522e+00,4.233035670449739385e+00
5.120000000000000000e+05,3.671653960527807126e+00,3.654927640602759098e+00,3.646079868611233454e+00,3.585216683021663631e+00,3.650901669498335167e+00,3.666866932228561637e+00,4.236393447383204780e+00
5.130000000000000000e+05,3.674591373756285861e+00,3.658194959939767177e+00,3.648358646253301973e+00,3.587408096081891262e+00,3.654267064933039766e+00,3.669874635747280678e+00,4.239747836662862923e+00
5.140000000000000000e+05,3.677056898211315872e+00,3.660315284674186209e+00,3.652615133342379750e+00,3.590220056109459268e+00,3.656171731789214174e+00,3.672244801234065825e+00,4.243098846482908471e+00
5.150000000000000000e+05,3.679667745862598593e+00,3.662497524891597411e+00,3.653750235127295021e+00,3.592265772595247597e+00,3.658104154823486720e+00,3.673988499850924239e+00,4.246446485005575866e+00
5.160000000000000000e+05,3.682728421043498290e+00,3.664313660161689690e+00,3.655343930678068176e+00,3.595110877518485015e+00,3.660487488604174278e+00,3.675612173721373832e+00,4.249790760361312536e+00
5.170000000000000000e+05,3.684641890120340157e+00,3.666905512609766049e+00,3.657519427228316022e+00,3.596672657040943744e+00,3.662783927558019403e+00,3.677599813134504014e+00,4.253131680648952084e+00
5.180000000000000000e+05,3.686034465774947311e+00,3.668870527943059567e+00,3.660625406143030336e+00,3.599110694337351646e+00,3.665546047272415731e+00,3.679309676010630970e+00,4.256469253935884822e+00
5.190000000000000000e+05,3.687993941459288383e+00,3.670506965459254367e+00,3.662693401963118323e+00,3.601817005657507842e+00,3.669045842863961848e+00,3.682338389086260211e+00,4.259803488258227411e+00
5.200000000000000000e+05,3.690151698017469339e+00,3.673737520500467202e+00,3.664660006642009193e+00,3.603591846407971921e+00,3.670881106915136805e+00,3.684127645441505283e+00,4.263134391620991615e+00
5.210000000000000000e+05,3.691664417830085032e+00,3.675395210332825346e+00,3.666525123562220490e+00,3.605126566077328398e+00,3.672419374478359533e+00,3.685858660058504821e+00,4.266461971998253944e+00
5.220000000000000000e+05,3.693566786509483446e+00,3.678425293499191007e+00,3.669587149075876020e+00,3.606811855123182919e+00,3.675074916768463762e+00,3.688135238322725051e+00,4.269786237333318191e+00
5.230000000000000000e+05,3.696321768959563325e+00,3.681008972729177930e+00,3.672908531639308638e+00,3.608987204553613548e+00,3.677587347027819309e+00,3.690098689851014857e+00,4.273107195538883296e+00
5.240000000000000000e+05,3.699537399257319059e+00,3.683194595968793728e+00,3.675629340906426901e+00,3.611222112670390505e+00,3.679577165503272962e+00,3.691843630241979035e+00,4.276424854497206773e+00
5.250000000000000000e+05,3.701772110516712733e+00,3.685692089890005185e+00,3.677861941943683988e+00,3.614114560185318403e+00,3.681769005370286951e+00,3.694075230625346151e+00,4.279739222060268133e+00
5.260000000000000000e+05,3.704075506734309187e+00,3.687485428101861640e+00,3.681185585238337499e+00,3.616799344688415907e+00,3.684044695929767688e+00,3.695651743802084166e+00,4.283050306049928757e+00
5.270000000000000000e+05,3.706908614376324795e+00,3.689851664565407585e+00,3.683860091458062591e+00,3.618641472153977023e+00,3.686882480282757779e+00,3.696750046791324795e+00,4.286358114258095320e+00
5.280000000000000000e+05,3.709066396287240330e+00,3.692075489314945891e+00,3.686446506397673240e+00,3.619928667643134812e+00,3.689720496793793103e+00,3.698791709355767843e+00,4.289662654446876999e+00
5.290000000000000000e+05,3.710603920953155388e+00,3.694552316095811140e+00,3.688781536680958872e+00,3.621760107263149120e+00,3.691907557272595231e+00,3.700685841628563733e+00,4.292963934348746236e+00
5.300000000000000000e+05,3.712345160919138021e+00,3.697023356572652464e+00,3.690702136153658941e+00,3.623669884684981302e+00,3.694280979058161218e+00,3.702406335364549772e+00,4.296261961666693274e+00
5.310000000000000000e+05,3.715174291169608622e+00,3.699760519264196468e+00,3.692483304864581761e+00,3.625330319949374047e+00,3.696123498515864636e+00,3.704215334523285552e+00,4.299556744074384262e+00
5.320000000000000000e+05,3.716643364302869124e+00,3.701580717777608776e+00,3.695195249657552861e+00,3.627153132805091218e+00,3.698082760539543656e+00,3.707555938718221089e+00,4.302848289216317568e+00
5.330000000000000000e+05,3.719389459473063209e+00,3.703479471021249303e+00,3.696903668464128767e+00,3.629330131703565332e+00,3.699722276358035078e+00,3.710070927942175523e+00,4.306136604707975657e+00
5.340000000000000000e+05,3.723177546004279748e+00,3.705639113278150543e+00,3.698966554742590951e+00,3.631991814579230038e+00,3.701714585367590793e+00,3.712488736137483869e+00,4.309421698135979639e+00
5.350000000000000000e+05,3.725987341940140141e+00,3.706951321797047783e+00,3.701322160915765824e+00,3.633885197895095232e+00,3.703560549730725349e+00,3.714355770539810031e+00,4.312703577058241144e+00
5.360000000000000000e+05,3.728257677922033331e+00,3.708789738809311842e+00,3.703464904210851394e+00,3.636855832423875778e+00,3.705302049963867805e+00,3.718169730003473283e+00,4.315982249004112425e+00
5.370000000000000000e+05,3.729962329631029139e+00,3.710848213985672217e+00,3.706368689335612920e+00,3.638876581320185544e+00,3.707898884626059210e+00,3.720774685124095704e+00,4.319257721474538236e+00
5.380000000000000000e+05,3.732796093491870693e+00,3.712817610431985216e+00,3.707751833624380655e+00,3.640888972736683993e+00,3.711361592292254930e+00,3.722769291725489094e+00,4.322530001942203270e+00
5.390000000000000000e+05,3.735097472567816546e+00,3.714048217575763200e+00,3.710922334228067498e+00,3.643173260946600323e+00,3.714938687487331137e+00,3.724545991142796275e+00,4.325799097851680486e+00
5.400000000000000000e+05,3.737430567777266788e+00,3.716203249129854225e+00,3.713282996051117113e+00,3.645575431435748026e+00,3.717041537128826345e+00,3.726359770098857549e+00,4.329065016619579431e+00
5.410000000000000000e+05,3.738870237727452750e+00,3.719995792535207624e+00,3.715830149525717552e+00,3.647117305176517110e+00,3.719133294907749576e+00,3.728662073674493538e+00,4.332327765634690131e+00
5.420000000000000000e+05,3.741067798697995883e+00,3.721991167532384459e+00,3.717156787154358710e+00,3.650508393241846949e+00,3.721445032838305966e+00,3.730416653194283061e+00,4.335587352258129634e+00
5.430000000000000000e+05,3.742652642118985185e+00,3.724071114918683367e+00,3.720064274468031673e+00,3.653473834502126483e+00,3.723869433638727244e+00,3.731980018480119732e+00,4.338843783823485900e+00
5.440000000000000000e+05,3.744682883584474542e+00,3.727505485261855878e+00,3.723046827820487792e+00,3.655227091614217549e+00,3.725537374640925048e+00,3.734188158128046719e+00,4.342097067636960794e+00
5.450000000000000000e+05,3.746933512110550701e+00,3.729165115836834410e+00,3.725814942656113349e+00,3.657703445767346295e+00,3.727418210961702894e+00,3.736531494173956247e+00,4.345347210977511310e+00
5.460000000000000000e+05,3.749156853082025176e+00,3.730780701843417368e+00,3.727711884182580704e+00,3.660275455218538365e+00,3.729379697122460868e+00,3.739177745324084423e+00,4.348594221096992563e+00
5.470000000000000000e+05,3.751042762071682635e+00,3.733638510079307249e+00,3.730275395579484954e+00,3.662325582532512946e+00,3.732155705703948279e+00,3.742558282996628183e+00,4.351838105220296349e+00
5.480000000000000000e+05,3.753846944917262451e+00,3.735762477423970829e+00,3.732329428388888815e+00,3.664933543057353305e+00,3.734191185957364212e+00,3.745250461071126136e+00,4.355078870545492364e+00
5.490000000000000000e+05,3.756402665011566278e+00,3.738123691906360069e+00,3.734442957719028566e+00,3.666804656197773404e+00,3.736068336924552202e+00,3.747607727179866011e+00,4.358316524243963208e+00
5.500000000000000000e+05,3.758867599884942567e+00,3.739959820913757227e+00,3.737102767620665400e+00,3.669537470276357904e+00,3.737689531231679130e+00,3.749430733477394195e+00,4.361551073460546490e+00
5.510000000000000000e+05,3.760613544221390381e+00,3.741837368339398839e+00,3.739291278855295886e+00,3.672078469462353389e+00,3.739796017587150967e+00,3.751568143292262292e+00,4.364782525313667172e+00
5.520000000000000000e+05,3.762997913068469202e+00,3.743539171047670422e+00,3.741240383034176720e+00,3.673787153479487699e+00,3.741209499149181550e+00,3.753859796332203125e+00,4.368010886895476119e+00
5.530000000000000000e+05,3.766074246836051742e+00,3.745606976830442303e+00,3.743460919871193227e+00,3.675706610160597521e+00,3.743796690209867606e+00,3.756305754779031059e+00,4.371236165271982443e+00
5.540000000000000000e+05,3.768140899431925206e+00,3.747899967926145770e+00,3.745373052909412692e+00,3.677164448775616545e+00,3.746191878287343346e+00,3.759164581297439245e+00,4.374458367483190280e+00
5.550000000000000000e+05,3.770081705645304204e+00,3.750968835232406207e+00,3.747150489367184534e+00,3.680281672216079603e+00,3.748050532832515991e+00,3.760393331101595127e+00,4.377677500543229350e+00
5.560000000000000000e+05,3.772038742662207511e+00,3.752947632197521699e+00,3.749401512313401241e+00,3.682071224148821376e+00,3.749468414064256461e+00,3.762034972061294891e+00,4.380893571440488188e+00
5.570000000000000000e+05,3.774347405138816391e+00,3.754881422862308860e+00,3.750635737801216951e+00,3.683369410406944322e+00,3.751224525152020206e+00,3.764216191156078306e+00,4.384106587137744704e+00
5.580000000000000000e+05,3.776432745318656803e+00,3.756550185265694619e+00,3.754760833725116154e+00,3.685404823958021936e+00,3.754733238079736690e+00,3.766701998748595681e+00,4.387316554572297633e+00
5.590000000000000000e+05,3.778729444283109196e+00,3.757976030782363974e+00,3.756263191343864882e+00,3.687174730471667772e+00,3.757167355295070177e+00,3.769045683103618760e+00,4.390523480656094435e+00
5.600000000000000000e+05,3.780846414765083097e+00,3.759538315600408520e+00,3.758556987232824831e+00,3.688974702121156746e+00,3.759430610535590578e+00,3.771309951036379449e+00,4.393727372275860965e+00
5.610000000000000000e+05,3.782798659601187108e+00,3.761465525916523500e+00,3.760587846353394603e+00,3.691668187070556328e+00,3.761579790525420464e+00,3.773497724400064257e+00,4.396928236293230263e+00
5.620000000000000000e+05,3.788055974757572386e+00,3.763072581563164043e+00,3.764284147040003248e+00,3.694340685404337687e+00,3.762982004013881721e+00,3.775625080191046479e+00,4.400126079544866897e+00
5.630000000000000000e+05,3.789281983593081105e+00,3.765373133572316622e+00,3.766199105999603614e+00,3.695841773307227296e+00,3.765571898056133016e+00,3.777557831413865586e+00,4.403320908842596637e+00
5.640000000000000000e+05,3.791507764465560815e+00,3.767609259751174555e+00,3.768442150339977204e+00,3.698331999692491934e+00,3.767143232224725136e+00,3.779511524819646251e+00,4.406512730973529024e+00
5.650000000000000000e+05,3.793397858662057587e+00,3.770480439345329948e+00,3.771156001238983535e+00,3.701407315086103100e+00,3.769570525872070199e+00,3.780829390649212307e+00,4.409701552700183491e+00
5.660000000000000000e+05,3.796255210030752725e+00,3.773114256093370589e+00,3.774518888311435560e+00,3.703088583742005113e+00,3.771958637537901282e+00,3.783241328549820093e+00,4.412887380760611045e+00
5.670000000000000000e+05,3.797696158260468025e+00,3.775654287487303140e+00,3.776307199198051023e+00,3.705685283281265896e+00,3.773837349201444979e+00,3.784755152558277658e+00,4.416070221868520385e+00
5.680000000000000000e+05,3.799363052341912184e+00,3.778426215146813760e+00,3.778542528864759831e+00,3.707730640670150457e+00,3.776067827432779023e+00,3.787385078321461762e+00,4.419250082713396921e+00
5.690000000000000000e+05,3.801540999580866664e+00,3.781471150062124753e+00,3.780782278901085647e+00,3.709535178607929584e+00,3.778004154958777505e+00,3.791827930591191720e+00,4.422426969960625343e+00
5.700000000000000000e+05,3.803559282692866361e+00,3.783123157061112796e+00,3.783192450962056252e+00,3.711310112902323155e+00,3.780270175868150062e+00,3.794154847012683796e+00,4.425600890251611297e+00
5.710000000000000000e+05,3.806218991597027479e+00,3.785991324163711536e+00,3.785276491413683164e+00,3.713202320397951617e+00,3.782015553598485180e+00,3.796293604895437657e+00,4.428771850203899518e+00
5.720000000000000000e+05,3.809218503425335633e+00,3.788736268227822279e+00,3.787638588887366264e+00,3.715407640485073770e+00,3.784049621264327978e+00,3.798711869319120638e+00,4.431939856411293732e+00
5.730000000000000000e+05,3.810995912184741208e+00,3.791512607126577006e+00,3.790168802925490077e+00,3.718586595385764859e+00,3.786218402388799031e+00,3.800723236510083591e+00,4.435104915443974782e+00
5.740000000000000000e+05,3.813788273918742977e+00,3.793361656278914751e+00,3.792167819267844742e+00,3.720397986391247525e+00,3.789396922430543491e+00,3.802560695176017358e+00,4.438267033848616983e+00
5.750000000000000000e+05,3.815529046256486811e+00,3.796144524716474677e+00,3.794040862732495079e+00,3.722770751953802026e+00,3.792415327093177968e+00,3.805384267150125677e+00,4.441426218148508021e+00
5.760000000000000000e+05,3.817400168596857490e+00,3.798189295195359527e+00,3.795508208406463968e+00,3.725299010083218842e+00,3.795513583415593750e+00,3.807177626053374286e+00,4.444582474843660869e+00
5.770000000000000000e+05,3.819207426774155145e+00,3.800224357179382562e+00,3.797307252860916194e+00,3.728031017042122475e+00,3.797371564735455785e+00,3.809381162038892654e+00,4.447735810410931911e+00
5.780000000000000000e+05,3.821568010333159293e+00,3.803060477313548571e+00,3.799090072738659618e+00,3.729589654809152499e+00,3.799086162969677716e+00,3.812084252469874812e+00,4.450886231304133744e+00
5.790000000000000000e+05,3.824319464978063188e+00,3.804619188295563781e+00,3.800580642487837224e+00,3.731769080416356132e+00,3.801369510317495592e+00,3.814666294175755645e+00,4.454033743954150637e+00
5.800000000000000000e+05,3.826482390444977177e+00,3.806725993078319270e+00,3.803857890524631191e+00,3.734481604130314825e+00,3.803655489357550490e+00,3.816738372673486257e+00,4.457178354769051332e+00
5.810000000000000000e+05,3.828461841653031161e+00,3.809434675700456019e+00,3.805435570510227627e+00,3.737006607570863448e+00,3.805524805228877039e+00,3.818843595947460035e+00,4.460320070134199177e+00
5.820000000000000000e+05,3.830234227148939130e+00,3.811696094693037828e+00,3.807057057907003106e+00,3.738777582192369664e+00,3.807191108649241595e+00,3.822066307072277347e+00,4.463458896412366705e+00
5.830000000000000000e+05,3.831731208508276421e+00,3.813437070599581702e+00,3.809711949149763743e+00,3.740737720415186818e+00,3.809207211590898812e+00,3.823759857116018068e+00,4.466594839943843986e+00
5.840000000000000000e+05,3.833609427460443086e+00,3.815342413351981321e+00,3.811971673412240413e+00,3.742788770395219622e+00,3.812238856636156470e+00,3.825209547694122580e+00,4.469727907046551429e+00
5.850000000000000000e+05,3.834831420760266951e+00,3.817459222363681626e+00,3.813860006164905503e+00,3.744754471901140302e+00,3.814640193646643862e+00,3.826629181074189479e+00,4.472858104016147252e+00
5.860000000000000000e+05,3.836510199581998570e+00,3.819651461548579263e+00,3.815795990325497655e+00,3.746380019601555755e+00,3.816523330594362662e+00,3.828199307713887833e+00,4.475985437126137612e+00
5.870000000000000000e+05,3.838237674807854827e+00,3.821443117136425371e+00,3.817513730038025521e+00,3.748863993658921867e+00,3.819090331492389634e+00,3.831131484139473908e+00,4.479109912627984080e+00
5.880000000000000000e+05,3.841046432998455717e+00,3.823234505937694205e+00,3.819065550418362154e+00,3.751117129019347463e+00,3.820341841369033986e+00,3.833472194357427920e+00,4.482231536751211110e+00
5.890000000000000000e+05,3.843360192087564631e+00,3.825204871198242706e+00,3.820840712963645025e+00,3.752758449445727784e+00,3.823206212881474997e+00,3.835365706903300698e+00,4.485350315703513502e+00
5.900000000000000000e+05,3.845132398051193334e+00,3.826856688250472427e+00,3.822906087448271872e+00,3.754038977127738264e+00,3.825179165075890619e+00,3.836464180206085484e+00,4.488466255670862104e+00
5.910000000000000000e+05,3.846830018731304701e+00,3.829105006540036271e+00,3.824689422394509819e+00,3.755840127320481336e+00,3.827022728065036183e+00,3.839508920218137611e+00,4.491579362817608612e+00
5.920000000000000000e+05,3.848424909849891939e+00,3.831106439542234288e+00,3.826683368593077006e+00,3.757864029940701567e+00,3.828963611042341064e+00,3.843077439830930864e+00,4.494689643286592151e+00
5.930000000000000000e+05,3.849850085632296803e+00,3.832593898795180642e+00,3.829283600873019999e+00,3.759768754369079868e+00,3.830129405022244082e+00,3.844426358322176718e+00,4.497797103199240532e+00
5.940000000000000000e+05,3.852329334338060463e+00,3.834642779303094162e+00,3.833219513022168456e+00,3.761249363257769041e+00,3.831785796783065301e+00,3.848554921593080547e+00,4.500901748655677714e+00
5.950000000000000000e+05,3.854361604585100576e+00,3.837127085236672563e+00,3.836895991392888394e+00,3.762345735198399321e+00,3.833407069572002612e+00,3.850768417131456456e+00,4.504003585734823289e+00
5.960000000000000000e+05,3.856031471639767449e+00,3.839820908253564813e+00,3.838369783518674083e+00,3.764590533163003183e+00,3.834779313725290351e+00,3.852407169880045945e+00,4.507102620494496392e+00
5.970000000000000000e+05,3.857614553200824137e+00,3.842080449325862457e+00,3.840077455245107352e+00,3.766269357968305531e+00,3.836916406069850627e+00,3.854187620750625154e+00,4.510198858971516955e+00
5.980000000000000000e+05,3.859779737043652847e+00,3.844318216423746826e+00,3.842426567405174520e+00,3.768094128827985223e+00,3.838438453111053139e+00,3.855944241982356413e+00,4.513292307181806962e+00
5.990000000000000000e+05,3.861284863448958493e+00,3.846506253356487104e+00,3.844393175873997759e+00,3.770309706988659304e+00,3.839965866190913513e+00,3.858197810501460712e+00,4.516382971120489920e+00
6.000000000000000000e+05,3.864464145272794138e+00,3.849488872049430022e+00,3.846461413677077168e+00,3.773867858652058427e+00,3.842265473646798490e+00,3.859659138366000164e+00,4.519470856761990341e+00
6.010000000000000000e+05,3.866722122232396863e+00,3.851522641131401858e+00,3.848811775404304747e+00,3.775315438415773883e+00,3.844005924178806488e+00,3.862669666897770249e+00,4.522555970060134989e+00
6.020000000000000000e+05,3.868945460488284915e+00,3.853491761876492561e+00,3.850526878631180594e+00,3.776995624776940730e+00,3.846124743420787695e+00,3.864222189844459532e+00,4.525638316948249695e+00
6.030000000000000000e+05,3.870073891048522174e+00,3.855541879904050173e+00,3.852921425148426948e+00,3.779381037958699618e+00,3.847862434742178817e+00,3.866344782953073267e+00,4.528717903339257944e+00
6.040000000000000000e+05,3.872249514243230273e+00,3.857265943149610798e+00,3.855154883397154286e+00,3.783096690623001468e+00,3.849707447766056667e+00,3.867763567773570443e+00,4.531794735125776796e+00
6.050000000000000000e+05,3.873846070713530931e+00,3.858943626157503637e+00,3.856380460384589703e+00,3.785218185008207392e+00,3.851792436000491371e+00,3.869466917363481695e+00,4.534868818180215477e+00
6.060000000000000000e+05,3.875100631519480032e+00,3.861147013772518122e+00,3.858284672276447669e+00,3.787093156311032160e+00,3.853809379121384993e+00,3.871552146492705848e+00,4.537940158354869524e+00
6.070000000000000000e+05,3.876977560049803984e+00,3.862813118193059392e+00,3.860569560187379512e+00,3.789047598337713207e+00,3.855539213422348066e+00,3.873399886343671383e+00,4.541008761482019374e+00
6.080000000000000000e+05,3.878890029441778964e+00,3.864932857732195526e+00,3.862241275818687480e+00,3.791420110406311661e+00,3.858024705570686663e+00,3.875901900645844389e+00,4.544074633374021843e+00
6.090000000000000000e+05,3.881321519667103814e+00,3.866727024474190255e+00,3.863894970226452674e+00,3.793600480992260326e+00,3.859925428584521256e+00,3.877818314012137613e+00,4.547137779823406056e+00
6.100000000000000000e+05,3.882510429709814748e+00,3.869243934226949122e+00,3.866503628802228754e+00,3.795019730093724064e+00,3.862766486211277606e+00,3.880216244402613590e+00,4.550198206602967588e+00
6.110000000000000000e+05,3.884468041245833003e+00,3.871257887112520280e+00,3.867694371790024732e+00,3.796615330936824684e+00,3.864432683064041196e+00,3.882958225230619842e+00,4.553255919465860835e+00
6.120000000000000000e+05,3.887001260387209722e+00,3.873456642199710309e+00,3.868913848845414449e+00,3.798672697977918844e+00,3.866982346374327140e+00,3.885528304998921101e+00,4.556310924145692276e+00
6.130000000000000000e+05,3.888820760545453670e+00,3.875097254907755140e+00,3.870451219856676950e+00,3.800431508361738153e+00,3.869291826159354297e+00,3.886975180361002646e+00,4.559363226356612842e+00
6.140000000000000000e+05,3.890610661697570194e+00,3.878287660664987424e+00,3.873258689803001698e+00,3.802088526908448785e+00,3.870628481370175233e+00,3.888786028255843075e+00,4.562412831793408508e+00
6.150000000000000000e+05,3.892238221852554858e+00,3.880690551873694272e+00,3.874945496643689147e+00,3.803614990348259894e+00,3.872728817974274484e+00,3.890917271568922864e+00,4.565459746131591778e+00
6.160000000000000000e+05,3.894265347066562910e+00,3.882058358720509084e+00,3.876288287825613299e+00,3.806418449025256834e+00,3.875151682885620730e+00,3.892696732687453309e+00,4.568503975027492281e+00
6.170000000000000000e+05,3.896865510698954260e+00,3.884640389092290480e+00,3.877994930071433810e+00,3.807917604111574317e+00,3.877065584644260543e+00,3.895722214520420223e+00,4.571545524118345583e+00
6.180000000000000000e+05,3.898728121760955290e+00,3.886699796618140912e+00,3.880121212969046773e+00,3.809428930671997726e+00,3.879868807203747938e+00,3.897320969367725318e+00,4.574584399022383785e+00
6.190000000000000000e+05,3.900542549913866619e+00,3.889742731529213682e+00,3.882101747662158431e+00,3.811294351270227754e+00,3.880937712466719702e+00,3.899346907202553503e+00,4.577620605338925230e+00
6.200000000000000000e+05,3.902410740455501514e+00,3.891270273222789289e+00,3.883888313455630570e+00,3.813115806574026490e+00,3.882571112070657193e+00,3.901655036420693001e+00,4.580654148648459767e+00
6.210000000000000000e+05,3.905534693854610939e+00,3.892786787376558255e+00,3.885790330884522081e+00,3.815126416756303929e+00,3.884542349576070475e+00,3.903339195131170225e+00,4.583685034512738454e+00
6.220000000000000000e+05,3.906966535889397907e+00,3.894843639356206033e+00,3.888068930788500133e+00,3.816976737018922705e+00,3.886328718233349466e+00,3.905447445504207415e+00,4.586713268474860605e+00
6.230000000000000000e+05,3.909546661119346123e+00,3.897090981499616191e+00,3.890250270930732501e+00,3.819227287836806095e+00,3.888660411893762880e+00,3.908172650301022788e+00,4.589738856059360828e+00
6.240000000000000000e+05,3.911949591002473081e+00,3.898899364722755223e+00,3.891853866735936585e+00,3.821238686642831173e+00,3.890400489618337510e+00,3.909961896064572340e+00,4.592761802772295177e+00
6.250000000000000000e+05,3.915016429278479038e+00,3.900368602524985739e+00,3.894116462207227070e+00,3.823699787702695474e+00,3.893059767847509178e+00,3.911886272234766260e+00,4.595782114101324645e+00
6.260000000000000000e+05,3.916555441331156739e+00,3.902201348917024859e+00,3.896282440371344524e+00,3.826018801349216236e+00,3.894869552586728290e+00,3.913829289780678788e+00,4.598799795515803979e+00
6.270000000000000000e+05,3.918421940679100768e+00,3.904371857250469091e+00,3.898873841910160731e+00,3.827983529606713731e+00,3.897089729175116979e+00,3.915234282734729288e+00,4.601814852466863393e+00
6.280000000000000000e+05,3.920045876331442969e+00,3.906839597721134094e+00,3.900624980694386235e+00,3.829447191767981984e+00,3.900012111463660336e+00,3.917411370884241073e+00,4.604827290387492944e+00
6.290000000000000000e+05,3.922627543267002359e+00,3.908780779651920501e+00,3.902872935195815796e+00,3.831133474097187630e+00,3.901779505691303829e+00,3.919779225786990562e+00,4.607837114692628688e+00
6.300000000000000000e+05,3.924614590625308264e+00,3.910289857197009056e+00,3.905457456500697422e+00,3.833048968393609535e+00,3.903731987891768895e+00,3.921334017075887690e+00,4.610844330779233502e+00
6.310000000000000000e+05,3.926358103298178470e+00,3.912661862997884210e+00,3.907125915110893022e+00,3.834924149325506182e+00,3.904961661908843418e+00,3.923370551708340148e+00,4.613848944026379684e+00
6.320000000000000000e+05,3.928068667245794732e+00,3.914465983966351814e+00,3.908955756204421039e+00,3.837400551894702527e+00,3.906569758826094585e+00,3.925335369541331776e+00,4.616850959795332443e+00
6.330000000000000000e+05,3.929699531402086610e+00,3.916087765761335326e+00,3.910895974847298451e+00,3.839388733691744715e+00,3.908770708063578958e+00,3.928281388617846481e+00,4.619850383429630725e+00
6.340000000000000000e+05,3.931509480936627110e+00,3.918020052555006849e+00,3.913365705385455140e+00,3.841739394102858363e+00,3.910809725517474522e+00,3.929869776177483676e+00,4.622847220255168921e+00
6.350000000000000000e+05,3.933335785063022616e+00,3.919142135429889429e+00,3.915823683591679760e+00,3.843385321457210679e+00,3.912647797909551972e+00,3.931650615071816013e+00,4.625841475580275919e+00
6.360000000000000000e+05,3.935970810773305129e+00,3.920919603774436712e+00,3.918110365105947679e+00,3.845017166333760450e+00,3.913930589339529753e+00,3.934097707621297513e+00,4.628833154695798591e+00
6.370000000000000000e+05,3.937424950450873151e+00,3.923012590296838908e+00,3.919309867885310439e+00,3.846860178697581123e+00,3.915503805194512132e+00,3.936408088879824074e+00,4.631822262875179064e+00
6.380000000000000000e+05,3.939458978169093406e+00,3.924909522490026337e+00,3.921172539465661355e+00,3.848631564121304471e+00,3.917500479178610107e+00,3.938038705907698223e+00,4.634808805374533769e+00
6.390000000000000000e+05,3.941210274157115112e+00,3.926835345536501265e+00,3.923245383487991678e+00,3.850764219763547214e+00,3.919940814186746891e+00,3.939606518211117958e+00,4.637792787432733377e+00
6.400000000000000000e+05,3.943110665725601205e+00,3.928596897591412507e+00,3.925449493648651256e+00,3.852584608624964879e+00,3.922015910031320551e+00,3.941767866923095553e+00,4.640774214271482734e+00
6.410000000000000000e+05,3.944550534790751239e+00,3.930246145697675608e+00,3.927661232156071325e+00,3.854447939782356336e+00,3.924877837557750215e+00,3.943982527136993266e+00,4.643753091095394581e+00
6.420000000000000000e+05,3.946282796957800709e+00,3.932018572339743834e+00,3.930260116636270507e+00,3.855999538492517420e+00,3.927058557099468494e+00,3.946337550284007456e+00,4.646729423092071265e+00
6.430000000000000000e+05,3.947637232751819436e+00,3.933706638943938572e+00,3.932466517059993283e+00,3.857221505042186305e+00,3.928985235007964150e+00,3.948805902432726889e+00,4.649703215432179348e+00
6.440000000000000000e+05,3.949929229924601159e+00,3.935578488253132168e+00,3.934214795580988966e+00,3.859502298138047571e+00,3.930582659070350537e+00,3.950659384423499620e+00,4.652674473269526878e+00
6.450000000000000000e+05,3.953009704649336431e+00,3.937765319842742251e+00,3.936438379451480785e+00,3.862555875156655105e+00,3.933037430259296752e+00,3.951997978248402710e+00,4.655643201741138881e+00
6.460000000000000000e+05,3.955600770654724485e+00,3.940552043562992601e+00,3.938948526465580358e+00,3.865337214832559987e+00,3.934600408786284031e+00,3.953977812680373738e+00,4.658609405967334638e+00
6.470000000000000000e+05,3.957346617572283343e+00,3.942493097371184252e+00,3.941088011936407565e+00,3.866720219629771194e+00,3.937011927179784543e+00,3.956600963657717074e+00,4.661573091051801399e+00
6.480000000000000000e+05,3.959684226603165325e+00,3.945559341843392076e+00,3.942472599920191278e+00,3.868565601235943063e+00,3.939897237200952418e+00,3.958570142704334049e+00,4.664534262081668992e+00
6.490000000000000000e+05,3.963310724507438376e+00,3.947404345201486642e+00,3.945971864319609335e+00,3.870482463662082040e+00,3.941945308788675550e+00,3.959740464033978391e+00,4.667492924127587095e+00
6.500000000000000000e+05,3.964963537625376233e+00,3.949391280408423466e+00,3.948284340514571333e+00,3.872685072316964128e+00,3.943336238854538767e+00,3.961834878505158031e+00,4.670449082243794514e+00
6.510000000000000000e+05,3.967025842180088802e+00,3.951845781070224550e+00,3.951345450851476038e+00,3.874997090509979980e+00,3.945472657821948115e+00,3.963840612844669486e+00,4.673402741468197341e+00
6.520000000000000000e+05,3.970866184113730935e+00,3.954098518253815531e+00,3.953282097934525563e+00,3.877218877184514412e+00,3.947376994182626220e+00,3.966016623969329746e+00,4.676353906822439122e+00
6.530000000000000000e+05,3.972606973219070081e+00,3.955863800044744139e+00,3.955590864579089594e+00,3.878506595912241117e+00,3.949616270401232310e+00,3.967828615315847518e+00,4.679302583311973684e+00
6.540000000000000000e+05,3.973844937040980518e+00,3.958718413202189090e+00,3.956836504556290546e+00,3.880354977481335954e+00,3.951107966168410979e+00,3.969296540393808304e+00,4.682248775926138862e+00
6.550000000000000000e+05,3.975152503331818021e+00,3.961921258326118078e+00,3.958383772416623092e+00,3.882832903373759859e+00,3.952638216681782168e+00,3.971405237206905081e+00,4.685192489638227542e+00
6.560000000000000000e+05,3.976773330243099203e+00,3.965010600202825586e+00,3.960507866407855460e+00,3.884156801941117010e+00,3.955290747925262806e+00,3.974374689395986149e+00,4.688133729405559613e+00
6.570000000000000000e+05,3.978264504285598857e+00,3.966840550055157788e+00,3.961755677448255408e+00,3.886507939459395988e+00,3.957341235759348486e+00,3.976646854660467412e+00,4.691072500169551240e+00
6.580000000000000000e+05,3.981115880092499282e+00,3.969325592139699488e+00,3.963700762894645901e+00,3.888469648046831484e+00,3.959505440548614086e+00,3.979258158145036806e+00,4.694008806855788585e+00
6.590000000000000000e+05,3.983115623223009827e+00,3.972237123567543549e+00,3.965687632810383612e+00,3.890533411612489889e+00,3.960772499153804027e+00,3.982330221276424442e+00,4.696942654374094417e+00
6.600000000000000000e+05,3.985486196055623154e+00,3.974404264387000563e+00,3.968060455310336465e+00,3.891645726153364127e+00,3.962165068307738292e+00,3.983964814914618735e+00,4.699874047618600947e+00
6.610000000000000000e+05,3.988254370528141468e+00,3.976199946784600758e+00,3.970084076153002961e+00,3.893701092833489863e+00,3.964595752657722905e+00,3.986844620705900066e+00,4.702802991467817328e+00
6.620000000000000000e+05,3.989827089509674796e+00,3.977861020764107636e+00,3.972195925979098874e+00,3.895513854492782535e+00,3.965841141219042854e+00,3.988559506874389982e+00,4.705729490784699820e+00
6.630000000000000000e+05,3.991770452291990789e+00,3.979966179361703382e+00,3.973803307051546163e+00,3.897540862422514962e+00,3.967135638129327013e+00,3.990791509041486052e+00,4.708653550416721068e+00
6.640000000000000000e+05,3.994424910997440570e+00,3.982131422370576157e+00,3.975565628493727299e+00,3.900021449956890152e+00,3.969159523775694698e+00,3.992141306292166458e+00,4.711575175195935827e+00
6.650000000000000000e+05,3.995913481009847334e+00,3.985018558777102093e+00,3.976748220801929357e+00,3.901554953704823525e+00,3.970827693644251255e+00,3.993730776214646561e+00,4.714494369939051133e+00
6.660000000000000000e+05,3.997447844567147968e+00,3.986596166204290359e+00,3.978554359444780975e+00,3.903769364957791588e+00,3.971849381213662156e+00,3.995099369929496103e+00,4.717411139447492019e+00
6.670000000000000000e+05,3.998996946639525873e+00,3.988203082321600590e+00,3.981087129968561289e+00,3.906207230028496458e+00,3.974700299650640201e+00,3.997401721626367976e+00,4.720325488507471690e+00
6.680000000000000000e+05,4.000895158679915298e+00,3.989815883437387800e+00,3.983161645029806408e+00,3.907942606958437981e+00,3.976405210586804184e+00,3.999778720242607388e+00,4.723237421890053689e+00
6.690000000000000000e+05,4.002804413519422511e+00,3.991731587245581636e+00,3.985364091648976981e+00,3.910424043001965888e+00,3.977609901488232680e+00,4.001734020991703389e+00,4.726146944351222956e+00
6.700000000000000000e+05,4.004925383694790675e+00,3.994048317454834685e+00,3.987327197429324954e+00,3.912168629305543099e+00,3.979582731792389527e+00,4.003607520906864892e+00,4.729054060631947998e+00
6.710000000000000000e+05,4.007033453120286026e+00,3.995655021425650322e+00,3.989267341670917677e+00,3.913937046667443909e+00,3.981146781530289669e+00,4.005756912964367089e+00,4.731958775458249278e+00
6.720000000000000000e+05,4.008531511415924342e+00,3.997520268898664852e+00,3.991338671927945114e+00,3.915378016881477574e+00,3.983517792066062491e+00,4.007176265969576434e+00,4.734861093541262278e+00
6.730000000000000000e+05,4.009995679168538274e+00,3.999325646325991634e+00,3.993675426294498898e+00,3.918451155659890883e+00,3.985281012568089754e+00,4.008005821179454031e+00,4.737761019577303223e+00
6.740000000000000000e+05,4.011921959937694737e+00,4.001121775251571755e+00,3.995826836458610032e+00,3.920703954156261606e+00,3.987403621420123390e+00,4.009552459373103339e+00,4.740658558247934806e+00
6.750000000000000000e+05,4.013592118362059757e+00,4.002847655814343319e+00,3.997681492941777659e+00,3.922173805989269013e+00,3.990479097030217304e+00,4.011068386255123741e+00,4.743553714220029249e+00
6.760000000000000000e+05,4.014858626142732589e+00,4.004483693197929739e+00,4.000139857850530056e+00,3.924679533184189495e+00,3.992420746457203240e+00,4.012526581982069018e+00,4.746446492145830476e+00
6.770000000000000000e+05,4.016606024280622300e+00,4.006094314441335236e+00,4.002449822409051450e+00,3.926457283231735040e+00,3.993747434801937057e+00,4.014373575196600541e+00,4.749336896663020724e+00
6.780000000000000000e+05,4.019132271036602866e+00,4.008829360430684829e+00,4.003769914053697754e+00,3.928928381697630368e+00,3.996317731615631974e+00,4.015768130072456366e+00,4.752224932394781831e+00
6.790000000000000000e+05,4.022081947017818848e+00,4.010194624540090125e+00,4.005296034110537029e+00,3.932046057049523924e+00,3.997987688008086682e+00,4.018094528788029862e+00,4.755110603949858294e+00
6.800000000000000000e+05,4.023884590400826688e+00,4.011890808450296220e+00,4.007190657146680657e+00,3.934264787885926484e+00,3.999798182517547485e+00,4.019798354619998015e+00,4.757993915922619443e+00
6.810000000000000000e+05,4.025604920746178372e+00,4.014810952230665642e+00,4.008402442393383502e+00,3.935721143927038312e+00,4.001132338643845543e+00,4.021793987588222485e+00,4.760874872893120724e+00
6.820000000000000000e+05,4.027432464493471365e+00,4.016446924952256303e+00,4.010206652779708669e+00,3.938036214396067880e+00,4.003301550200019321e+00,4.023766029487780393e+00,4.763753479427167647e+00
6.830000000000000000e+05,4.029897569266672974e+00,4.018130636887446983e+00,4.011680227319418535e+00,3.940074888047746526e+00,4.005539343498333515e+00,4.025332908729102321e+00,4.766629740076376187e+00
6.840000000000000000e+05,4.032020059470246665e+00,4.019745233225515690e+00,4.012751571031895281e+00,3.942145225171863387e+00,4.007378020365083948e+00,4.027509402175962983e+00,4.769503659378231397e+00
6.850000000000000000e+05,4.033843364503797879e+00,4.021089397444086444e+00,4.014948827381437546e+00,3.943963087337397866e+00,4.009396787842343102e+00,4.029003052313920641e+00,4.772375241856151362e+00
6.860000000000000000e+05,4.035288394958936209e+00,4.022946038980315997e+00,4.016667423497496614e+00,3.946498012427659852e+00,4.011137919338431779e+00,4.031311037862458591e+00,4.775244492019546705e+00
6.870000000000000000e+05,4.037672635697793666e+00,4.024535790983217787e+00,4.018530114352013349e+00,3.947600890927264405e+00,4.013343879857508512e+00,4.032518661833494278e+00,4.778111414363879206e+00
6.880000000000000000e+05,4.039698128977973646e+00,4.025816133743544079e+00,4.020349627562848305e+00,3.949326630585776599e+00,4.015725880577464046e+00,4.033930271250858901e+00,4.780976013370723976e+00
6.890000000000000000e+05,4.041765995726855465e+00,4.027477910818935136e+00,4.022271039046541041e+00,3.953090207800395106e+00,4.018000654867306842e+00,4.034816186869538690e+00,4.783838293507825412e+00
6.900000000000000000e+05,4.043853080111695419e+00,4.029532052106421958e+00,4.023857962207025629e+00,3.955114997117171072e+00,4.020216686895241587e+00,4.036817523459593993e+00,4.786698259229159369e+00
6.910000000000000000e+05,4.045617405156817448e+00,4.031537073567486473e+00,4.026002971520117768e+00,3.957185074622476595e+00,4.021841353940725838e+00,4.038446298297293957e+00,4.789555914974990003e+00
6.920000000000000000e+05,4.047436267177507041e+00,4.034306906556823336e+00,4.028483248049310461e+00,3.958955150641954912e+00,4.024086455897438519e+00,4.041197877542272998e+00,4.792411265171929280e+00
6.930000000000000000e+05,4.049782373903893173e+00,4.035477546186053033e+00,4.029850949920172454e+00,3.961271816897304898e+00,4.025176685483508265e+00,4.043004758091916173e+00,4.795264314232993819e+00
6.940000000000000000e+05,4.053089426149922403e+00,4.038066618690619336e+00,4.031539943639687706e+00,3.963161647818530309e+00,4.027096673539940497e+00,4.044765287496826289e+00,4.798115066557664399e+00
6.950000000000000000e+05,4.055087939201416525e+00,4.039594524446402879e+00,4.033869423496307505e+00,3.964562607613658418e+00,4.029911001025938688e+00,4.046270925649779748e+00,4.800963526531941916e+00
6.960000000000000000e+05,4.057165768663869798e+00,4.040700878874101676e+00,4.035908876190200445e+00,3.966003579094504072e+00,4.031739738223275360e+00,4.048116937183442232e+00,4.803809698528405114e+00
6.970000000000000000e+05,4.059030152009296621e+00,4.042603414596793954e+00,4.038061679552550132e+00,3.967903802572465999e+00,4.033616185738519100e+00,4.049511661533061080e+00,4.806653586906266540e+00
6.980000000000000000e+05,4.060673558390885951e+00,4.044105412068668137e+00,4.039715443169829889e+00,3.969361815277380412e+00,4.035204477811376478e+00,4.051184579438577238e+00,4.809495196011430274e+00
6.990000000000000000e+05,4.062328203751946809e+00,4.047076944897627371e+00,4.042103301145262506e+00,3.970731549468916821e+00,4.038509792025403833e+00,4.053441514613266072e+00,4.812334530176547887e+00
7.000000000000000000e+05,4.064095733156934287e+00,4.048824885572796184e+00,4.043909116856934993e+00,3.972682829829085716e+00,4.040887846909009262e+00,4.055150425266258907e+00,4.815171593721073506e+00
7.010000000000000000e+05,4.065433624027927628e+00,4.050687360813579829e+00,4.045241865805523140e+00,3.974636902201453825e+00,4.042569703921851776e+00,4.056543910879010006e+00,4.818006390951320661e+00
7.020000000000000000e+05,4.067341207471484310e+00,4.052945553446540394e+00,4.046592277399760462e+00,3.977560365442753820e+00,4.044563951737398355e+00,4.059273825764253552e+00,4.820838926160516458e+00
7.030000000000000000e+05,4.069148190061684822e+00,4.055752273573856037e+00,4.047942154967271833e+00,3.979390047059122359e+00,4.047406054633276185e+00,4.061083799823359541e+00,4.823669203628857538e+00
7.040000000000000000e+05,4.070664734187586120e+00,4.057523685677919545e+00,4.050391569000490577e+00,3.981188060477354629e+00,4.049364508186994449e+00,4.064683015326258086e+00,4.826497227623563369e+00
7.050000000000000000e+05,4.073249725133117671e+00,4.058957814233072448e+00,4.052421225048607134e+00,3.982786139327337604e+00,4.051149673993961642e+00,4.066492411609460511e+00,4.829323002398931308e+00
7.060000000000000000e+05,4.075897822927235126e+00,4.060944972516672635e+00,4.054483119253161405e+00,3.984756434663917268e+00,4.052967351158291542e+00,4.067817548561386332e+00,4.832146532196392563e+00
7.070000000000000000e+05,4.077628647136249285e+00,4.062900353259542463e+00,4.056707317714143279e+00,3.986374541769189150e+00,4.054360051864669856e+00,4.070266076906343677e+00,4.834967821244562813e+00
7.080000000000000000e+05,4.079392112737735943e+00,4.064941015825901616e+00,4.057998945200815832e+00,3.988002779432668454e+00,4.056086565458923765e+00,4.071726862418433512e+00,4.837786873759298167e+00
7.090000000000000000e+05,4.081403448550514845e+00,4.068371026065314311e+00,4.060270057095781482e+00,3.989587986329942826e+00,4.058302000975851698e+00,4.073606851551859087e+00,4.840603693943746677e+00
7.100000000000000000e+05,4.082526890945305631e+00,4.070434253881088260e+00,4.061409503466320459e+00,3.991552290214952947e+00,4.059765525949805109e+00,4.074671739680495008e+00,4.843418285988403404e+00
7.110000000000000000e+05,4.085553855480597463e+00,4.072578975371996535e+00,4.064436885162685087e+00,3.993173499619697253e+00,4.061881669973461229e+00,4.076858320356595122e+00,4.846230654071160160e+00
7.120000000000000000e+05,4.088287231221290341e+00,4.075518804610211099e+00,4.067000262226195595e+00,3.994803883464418615e+00,4.064293810227494141e+00,4.078234187086490437e+00,4.849040802357361457e+00
7.130000000000000000e+05,4.090401569660972569e+00,4.077030773480044168e+00,4.068625380361664767e+00,3.997013091865081691e+00,4.065835721852093521e+00,4.079746470646049339e+00,4.851848734999854251e+00
7.140000000000000000e+05,4.092212563381999679e+00,4.079839805355211624e+00,4.070336239538221434e+00,3.998409187553213062e+00,4.067334206891625392e+00,4.082720111816460218e+00,4.854654456139039453e+00
7.150000000000000000e+05,4.094167523237831396e+00,4.081572048896697780e+00,4.072053042933807987e+00,4.000686036374560217e+00,4.068943149421534677e+00,4.083631928303977254e+00,4.857457969902924333e+00
7.160000000000000000e+05,4.095999758033278759e+00,4.083551588199013871e+00,4.073551102611457253e+00,4.002389846999479417e+00,4.070727083329083840e+00,4.085096600125869948e+00,4.860259280407175808e+00
7.170000000000000000e+05,4.097388556527522319e+00,4.085514047161662887e+00,4.075276777203693079e+00,4.004352326155105501e+00,4.072401100719424960e+00,4.086972189509531894e+00,4.863058391755166632e+00
7.180000000000000000e+05,4.098788247108048566e+00,4.086800392977815832e+00,4.076788163524041053e+00,4.006165552953420139e+00,4.073901171302977353e+00,4.088700506113774225e+00,4.865855308038031346e+00
7.190000000000000000e+05,4.100511471370892558e+00,4.088838633771624487e+00,4.077973568616280353e+00,4.007938545893192206e+00,4.075400963243238195e+00,4.090824187702228443e+00,4.868650033334713356e+00
7.200000000000000000e+05,4.102697317624728335e+00,4.090690112721990346e+00,4.079826004813974727e+00,4.009761479660853389e+00,4.077084799661000680e+00,4.092311031167623625e+00,4.871442571712016445e+00
7.210000000000000000e+05,4.104243838769646047e+00,4.092260998609325462e+00,4.081178337990326810e+00,4.011629281221607890e+00,4.078932195270486893e+00,4.094348204584621342e+00,4.874232927224654510e+00
7.220000000000000000e+05,4.105471885353138894e+00,4.093909953617153263e+00,4.082686732837146337e+00,4.014325057782325956e+00,4.080491641147648174e+00,4.096001214667635004e+00,4.877021103915300415e+00
7.230000000000000000e+05,4.107388667614688238e+00,4.096407472425787510e+00,4.084852173071730874e+00,4.016026518306784254e+00,4.082570489342395526e+00,4.097939434739643616e+00,4.879807105814637502e+00
7.240000000000000000e+05,4.109075844645258435e+00,4.097714392181718956e+00,4.086721494154725853e+00,4.017907997709202483e+00,4.083985551881927023e+00,4.100056280030909939e+00,4.882590936941406667e+00
7.250000000000000000e+05,4.111703546065770709e+00,4.101127265904581876e+00,4.088413802817123965e+00,4.019084954015374578e+00,4.085386392097269059e+00,4.101362397688755657e+00,4.885372601302456097e+00
7.260000000000000000e+05,4.113649638511856388e+00,4.102778233205789604e+00,4.090263783058224689e+00,4.020921644000408968e+00,4.087069193485874941e+00,4.103986847555926687e+00,4.888152102892789230e+00
7.270000000000000000e+05,4.115384307302602629e+00,4.104773564053853185e+00,4.092314421976772643e+00,4.022863679771806922e+00,4.089450418794202236e+00,4.105457745823369642e+00,4.890929445695615385e+00
7.280000000000000000e+05,4.116804547349884658e+00,4.106943511705664740e+00,4.094045232920559663e+00,4.024689682593045603e+00,4.092052789275165914e+00,4.106592773003706398e+00,4.893704633682395944e+00
7.290000000000000000e+05,4.119415882492874381e+00,4.108666642582595507e+00,4.096019685321865111e+00,4.026589182366416608e+00,4.093311705140044054e+00,4.108819404916071782e+00,4.896477670812891425e+00
7.300000000000000000e+05,4.120714322561210174e+00,4.110077959893544630e+00,4.098627010921559233e+00,4.028487597082538230e+00,4.094739211062048412e+00,4.110891917959549779e+00,4.899248561035211225e+00
7.310000000000000000e+05,4.122441454424406793e+00,4.111734371395904475e+00,4.100788763423290462e+00,4.029930501009135746e+00,4.096057247761252462e+00,4.112769701404863198e+00,4.902017308285859798e+00
7.320000000000000000e+05,4.124322892889808578e+00,4.113296737240706769e+00,4.103037199950726688e+00,4.031270536709476993e+00,4.097981775508952929e+00,4.114271749410312928e+00,4.904783916489783735e+00
7.330000000000000000e+05,4.125754413850752478e+00,4.115443388719738138e+00,4.104937857933030010e+00,4.032796471972217134e+00,4.100148060194842792e+00,4.116654734791241665e+00,4.907548389560420610e+00
7.340000000000000000e+05,4.126875133866062306e+00,4.116693869453633248e+00,4.106626025448187889e+00,4.034126104487518738e+00,4.102107658794228229e+00,4.118573650529066654e+00,4.910310731399741613e+00
7.350000000000000000e+05,4.128672808060984245e+00,4.119044577068184942e+00,4.107690046993434763e+00,4.036183443413519534e+00,4.104395680738789132e+00,4.120314474313166109e+00,4.913070945898302178e+00
7.360000000000000000e+05,4.130597355751930877e+00,4.121150033008749602e+00,4.109250034059807710e+00,4.037440797128711623e+00,4.105962978267254648e+00,4.122047988614082392e+00,4.915829036935286389e+00
7.370000000000000000e+05,4.132370074104200874e+00,4.122420616595853460e+00,4.110933511335936430e+00,4.039261910321337190e+00,4.107478697732580564e+00,4.123227652882024863e+00,4.918585008378551393e+00
7.380000000000000000e+05,4.133735416467537505e+00,4.123955601797236525e+00,4.111784495945537188e+00,4.040628991363102607e+00,4.109646768021725904e+00,4.124736261866247311e+00,4.921338864084676246e+00
7.390000000000000000e+05,4.136056772623192046e+00,4.125232313604538348e+00,4.113183648618933042e+00,4.042498286274692987e+00,4.111661817355493298e+00,4.127140315974656914e+00,4.924090607899004546e+00
7.400000000000000000e+05,4.137931849801764983e+00,4.126530992801167308e+00,4.114385842113788883e+00,4.045083255142711387e+00,4.113546959765402633e+00,4.128782865845779249e+00,4.926840243655691509e+00
7.410000000000000000e+05,4.139360307328928457e+00,4.128034948003879379e+00,4.115563306756217621e+00,4.046257837975574034e+00,4.115087615892023543e+00,4.130555754962903947e+00,4.929587775177747488e+00
7.420000000000000000e+05,4.140454162784163117e+00,4.129721474892842359e+00,4.116842845573364329e+00,4.048553913917650959e+00,4.117009250346351124e+00,4.132093198463929973e+00,4.932333206277084159e+00
7.430000000000000000e+05,4.141943555382553654e+00,4.131199604786528923e+00,4.118526531171597505e+00,4.050609073109165514e+00,4.118221395265171836e+00,4.134523821884187100e+00,4.935076540754558927e+00
7.440000000000000000e+05,4.143404013803586139e+00,4.132729644897296772e+00,4.119944487623031115e+00,4.052635833308986690e+00,4.120003055859691621e+00,4.135956896282711348e+00,4.937817782400017563e+00
7.450000000000000000e+05,4.144562263614707476e+00,4.134699821112055140e+00,4.121863468462930946e+00,4.054348986071894423e+00,4.122686455738192812e+00,4.137671490460358648e+00,4.940556934992339500e+00
7.460000000000000000e+05,4.146688618762449430e+00,4.136219613377119408e+00,4.123968434493668234e+00,4.056714871714468096e+00,4.124407961212940066e+00,4.139275942871503133e+00,4.943294002299482237e+00
7.470000000000000000e+05,4.148368271966226040e+00,4.138039577427290006e+00,4.125578008399135577e+00,4.058218606233567449e+00,4.125802235437250332e+00,4.140875070274875114e+00,4.946028988078523980e+00
7.480000000000000000e+05,4.149714861694643986e+00,4.140008895052432081e+00,4.128030003066687215e+00,4.059517535117339371e+00,4.127614031204971390e+00,4.143327325319876131e+00,4.948761896075707156e+00
7.490000000000000000e+05,4.150999278095520495e+00,4.141998710323566257e+00,4.129484904692666269e+00,4.060565945051645365e+00,4.129746997561149158e+00,4.145120744081608244e+00,4.951492730026482825e+00
7.500000000000000000e+05,4.152767231008126281e+00,4.143996436544031603e+00,4.130490120134222565e+00,4.062537207294474761e+00,4.130935825838731645e+00,4.146872587614855554e+00,4.954221493655550645e+00
7.510000000000000000e+05,4.155250102386643718e+00,4.145428514178683521e+00,4.132871584383272179e+00,4.064614492735281637e+00,4.133768892893367131e+00,4.148671651927835491e+00,4.956948190676905952e+00
7.520000000000000000e+05,4.157193065201600923e+00,4.147076781074436447e+00,4.134642376819405385e+00,4.066255200174052398e+00,4.135157970436842412e+00,4.149997357561960420e+00,4.959672824793877943e+00
7.530000000000000000e+05,4.159161570856196199e+00,4.148432458543181767e+00,4.136028946936831652e+00,4.068502756789724728e+00,4.137374780597411927e+00,4.151406894527093883e+00,4.962395399699174980e+00
7.540000000000000000e+05,4.160401039383519795e+00,4.149500659015922466e+00,4.137315650438898373e+00,4.070287155722787098e+00,4.138909246202691072e+00,4.153130660746039204e+00,4.965115919074924555e+00
7.550000000000000000e+05,4.162022743747559872e+00,4.151697645243911161e+00,4.139932525166512889e+00,4.071848404263206156e+00,4.140910422631106869e+00,4.154823262300824993e+00,4.967834386592717699e+00
7.560000000000000000e+05,4.163696765223074081e+00,4.153297078743960924e+00,4.141832319221386172e+00,4.074328118413339972e+00,4.142343547488966493e+00,4.156301811903365007e+00,4.970550805913648063e+00
7.570000000000000000e+05,4.165260206013130073e+00,4.154796181910428210e+00,4.143404209919847148e+00,4.075679378750164616e+00,4.144431414575229233e+00,4.158038041608011604e+00,4.973265180688355436e+00
7.580000000000000000e+05,4.167431481834112716e+00,4.156622636639589530e+00,4.145050183859964932e+00,4.076880976403962187e+00,4.145819864708954583e+00,4.159896967789508793e+00,4.975977514557065717e+00
7.590000000000000000e+05,4.168922099275222060e+00,4.158421784444308322e+00,4.146755611743879300e+00,4.078632610838461403e+00,4.147573408346847401e+00,4.161039139128064335e+00,4.978687811149630882e+00
7.600000000000000000e+05,4.171032804407809991e+00,4.159894520019702391e+00,4.148638061267198474e+00,4.080988118324551550e+00,4.148927939661141373e+00,4.162810102638333731e+00,4.981396074085573389e+00
7.610000000000000000e+05,4.173438827385981931e+00,4.161628463551409141e+00,4.151259429964063941e+00,4.084439475007787479e+00,4.150674659563489577e+00,4.165085306403893739e+00,4.984102306974123486e+00
7.620000000000000000e+05,4.174979290344015048e+00,4.164033428427972083e+00,4.152427944860995090e+00,4.086466377079442047e+00,4.152201272165623180e+00,4.166114463036090676e+00,4.986806513414260067e+00
7.630000000000000000e+05,4.176812948705190820e+00,4.166337352811886774e+00,4.154043899533091277e+00,4.087958705111275570e+00,4.153830328253031112e+00,4.167359437306356718e+00,4.989508696994753301e+00
7.640000000000000000e+05,4.178394677234028798e+00,4.168729229490035770e+00,4.155422591774988739e+00,4.089511771369027215e+00,4.154972905798572036e+00,4.168364036296810404e+00,4.992208861294201938e+00
7.650000000000000000e+05,4.180445626213620258e+00,4.169927376798683305e+00,4.158119054645533552e+00,4.091854323937910820e+00,4.156712670661296904e+00,4.170606023897222236e+00,4.994907009881073279e+00
7.660000000000000000e+05,4.182246302799756954e+00,4.171727794526728594e+00,4.160058345389789025e+00,4.094134636317597220e+00,4.158056201349119796e+00,4.173046139913342500e+00,4.997603146313744915e+00
7.670000000000000000e+05,4.184305310153973778e+00,4.174036769641369382e+00,4.161413785754659145e+00,4.096297194618010451e+00,4.160638763876623791e+00,4.175234758131400881e+00,5.000297274140542036e+00
7.680000000000000000e+05,4.185756217841661631e+00,4.175669177036882118e+00,4.163243815689982696e+00,4.097952171987478742e+00,4.162599233235193985e+00,4.176787913233455107e+00,5.002989396899778285e+00
7.690000000000000000e+05,4.187997953469092316e+00,4.176974488713611322e+00,4.164931314361791870e+00,4.099232328975272566e+00,4.165304739443331350e+00,4.178423888795388841e+00,5.005679518119793059e+00
7.700000000000000000e+05,4.189121709598386367e+00,4.178834387036562070e+00,4.166222801055780245e+00,4.100924489061836375e+00,4.166278234492486021e+00,4.179952078405898774e+00,5.008367641318991481e+00
7.710000000000000000e+05,4.191403514546951925e+00,4.181100778151391140e+00,4.169045522407108351e+00,4.102660960357015441e+00,4.167941659628554341e+00,4.181580564906252739e+00,5.011053770005882591e+00
7.720000000000000000e+05,4.193229244098317210e+00,4.182842013573003115e+00,4.171037659233909345e+00,4.104118168300027847e+00,4.170276614569230489e+00,4.183394792678348573e+00,5.013737907679117534e+00
7.730000000000000000e+05,4.194276504073662259e+00,4.184439197496545582e+00,4.172851789219110152e+00,4.105401913247545664e+00,4.172827292618346284e+00,4.185256748535313598e+00,5.016420057827529533e+00
7.740000000000000000e+05,4.196655166024967798e+00,4.185741921121651110e+00,4.174568581338884421e+00,4.106899606643968248e+00,4.174700209584507604e+00,4.186631425633001946e+00,5.019100223930169413e+00
7.750000000000000000e+05,4.197978494010734529e+00,4.187572443611983886e+00,4.177475165585713412e+00,4.108503290436394728e+00,4.176504823011986112e+00,4.188348495593095855e+00,5.021778409456344683e+00
7.760000000000000000e+05,4.200139891625108035e+00,4.189252978817738615e+00,4.178627294684129190e+00,4.110483214193430435e+00,4.178331403358179763e+00,4.189524800615132882e+00,5.024454617865658612e+00
7.770000000000000000e+05,4.201787318031369622e+00,4.190458690229710292e+00,4.180576005221404934e+00,4.111934426159030487e+00,4.180410748664413312e+00,4.191274238483608805e+00,5.027128852608043985e+00
7.780000000000000000e+05,4.203377517692514331e+00,4.191573335421610480e+00,4.183015578514991617e+00,4.113711016358313266e+00,4.182176799507233866e+00,4.193076902502462566e+00,5.029801117123804843e+00
7.790000000000000000e+05,4.205170554425812668e+00,4.192551856091814244e+00,4.184343218683337362e+00,4.115007399778492392e+00,4.184068492011295604e+00,4.194721582014961037e+00,5.032471414843651125e+00
7.800000000000000000e+05,4.206827538831929836e+00,4.193767486793029242e+00,4.186578112706122567e+00,4.117469209209977166e+00,4.185341870469045489e+00,4.196697755290984766e+00,5.035139749188735081e+00
7.810000000000000000e+05,4.208524704047597709e+00,4.195219572358490190e+00,4.188090266299292708e+00,4.119019833491202043e+00,4.186410248107060639e+00,4.198067548429781581e+00,5.037806123570689465e+00
7.820000000000000000e+05,4.210393092889772149e+00,4.196754917214773783e+00,4.189780047479069403e+00,4.120564819215684516e+00,4.188125667377025074e+00,4.200538980184535198e+00,5.040470541391663062e+00
7.830000000000000000e+05,4.212114187914184349e+00,4.198024080981768158e+00,4.191972712883983654e+00,4.122231018423683224e+00,4.189386202595428266e+00,4.203795440526429950e+00,5.043133006044358879e+00
7.840000000000000000e+05,4.214452568037381219e+00,4.198934569050153165e+00,4.193861097353652312e+00,4.124158501784275899e+00,4.191449844494881560e+00,4.205881068797613587e+00,5.045793520912067898e+00
7.850000000000000000e+05,4.215880692915455086e+00,4.200905681762249877e+00,4.195265710992525321e+00,4.125937279422514870e+00,4.194190078322694859e+00,4.207687314209922924e+00,5.048452089368707263e+00
7.860000000000000000e+05,4.218027616551768944e+00,4.202281298139647348e+00,4.197460633417056997e+00,4.127103564692163218e+00,4.195916951527785876e+00,4.209701030325319060e+00,5.051108714778854036e+00
7.870000000000000000e+05,4.219447254014517590e+00,4.203978257838048904e+00,4.198718455847783027e+00,4.128338615828911706e+00,4.197731765008609450e+00,4.212021031037223473e+00,5.053763400497782499e+00
7.880000000000000000e+05,4.221314264835956287e+00,4.205925294309751372e+00,4.200918105844078987e+00,4.129859246606164547e+00,4.199650867940603938e+00,4.213474747072535109e+00,5.056416149871500565e+00
7.890000000000000000e+05,4.223401545390229828e+00,4.208003308016573740e+00,4.202422564529460836e+00,4.131921112657174433e+00,4.201324868072815022e+00,4.214970805528069242e+00,5.059066966236781759e+00
7.900000000000000000e+05,4.224940435173852649e+00,4.209451468055876333e+00,4.204158503320490681e+00,4.133791285621182254e+00,4.203083547138072973e+00,4.217071754758490165e+00,5.061715852921203407e+00
7.910000000000000000e+05,4.226719737600049598e+00,4.211722384687599074e+00,4.205999457354606008e+00,4.134787008238032691e+00,4.204879475951307732e+00,4.218307253627164854e+00,5.064362813243180383e+00
7.920000000000000000e+05,4.228847196032072375e+00,4.213192182544750253e+00,4.207639471530914221e+00,4.136820136076047483e+00,4.206600093301499754e+00,4.220570874097909986e+00,5.067007850511999756e+00
7.930000000000000000e+05,4.231203957159428874e+00,4.215178277873111057e+00,4.209186792143386313e+00,4.140441621714151310e+00,4.207986651717704696e+00,4.222418521934200974e+00,5.069650968027857196e+00
7.940000000000000000e+05,4.232730034555740595e+00,4.216751675293597401e+00,4.211056440372407117e+00,4.141628498086614485e+00,4.209565392373544768e+00,4.223556851589592043e+00,5.072292169081889845e+00
7.950000000000000000e+05,4.234634812760024403e+00,4.218502393994244315e+00,4.213050286278139822e+00,4.142941088333485844e+00,4.211190655446096720e+00,4.225019239190374698e+00,5.074931456956209175e+00
7.960000000000000000e+05,4.236345772195949877e+00,4.220330665764774558e+00,4.214907414695630017e+00,4.144461112587211282e+00,4.214160646622939765e+00,4.227257248850528448e+00,5.077568834923939178e+00
7.970000000000000000e+05,4.238308739363876754e+00,4.222439011394037323e+00,4.216740792290242013e+00,4.146938346699557520e+00,4.215201222007043391e+00,4.228718883006946427e+00,5.080204306249245683e+00
7.980000000000000000e+05,4.239760699958467605e+00,4.223598943706841524e+00,4.218636918744038233e+00,4.148106054246454732e+00,4.216236538498435493e+00,4.230560036897652587e+00,5.082837874187375427e+00
7.990000000000000000e+05,4.241428493103049036e+00,4.225344315833990727e+00,4.220177261199630436e+00,4.149358467267719952e+00,4.217612669876761977e+00,4.232316116320176569e+00,5.085469541984684483e+00
8.000000000000000000e+05,4.242872138841810248e+00,4.226872333097260181e+00,4.221224415438160626e+00,4.150929012700460774e+00,4.219134833236942939e+00,4.233667656435222248e+00,5.088099312878675562e+00
8.010000000000000000e+05,4.244721827955348026e+00,4.229343833508919737e+00,4.223019264148883956e+00,4.152015501785354168e+00,4.220557737554040401e+00,4.235285328039471331e+00,5.090727190098028210e+00
8.020000000000000000e+05,4.246061205932927685e+00,4.231346661678971444e+00,4.224421198195712712e+00,4.154546927307354309e+00,4.223152659477049653e+00,4.237105559193850901e+00,5.093353176862636111e+00
8.030000000000000000e+05,4.247862378346092704e+00,4.233293514730550378e+00,4.225343090455108808e+00,4.156106630680968195e+00,4.224532813352998240e+00,4.238405820292786785e+00,5.095977276383635513e+00
8.040000000000000000e+05,4.250249282815335761e+00,4.234871965229666912e+00,4.227220384141819665e+00,4.157991325850782793e+00,4.225846320340132856e+00,4.239526167565318637e+00,5.098599491863441635e+00
8.050000000000000000e+05,4.252305311377809538e+00,4.236872591898681151e+00,4.229182693765266343e+00,4.160122967569279240e+00,4.227075661462318834e+00,4.241857566037658955e+00,5.101219826495779763e+00
8.060000000000000000e+05,4.253523880654932476e+00,4.238337975111112321e+00,4.230992590458050095e+00,4.162224416523651271e+00,4.229229895096675129e+00,4.243387942699801130e+00,5.103838283465718106e+00
8.070000000000000000e+05,4.255698622757147831e+00,4.239461731230150576e+00,4.233083550350154489e+00,4.164319349929765046e+00,4.231148174040542997e+00,4.245265866753683781e+00,5.106454865949698885e+00
8.080000000000000000e+05,4.257684731533172062e+00,4.241446195895918869e+00,4.234890233160625961e+00,4.166443901896538016e+00,4.233198251278771806e+00,4.246148700277863952e+00,5.109069577115573857e+00
8.090000000000000000e+05,4.258787128404740940e+00,4.242548972554403441e+00,4.236256126951336576e+00,4.168048564420378632e+00,4.235240767820018348e+00,4.247468654381344244e+00,5.111682420122631854e+00
8.100000000000000000e+05,4.260055856807920094e+00,4.244358974997608946e+00,4.237744777688479125e+00,4.169887592926012410e+00,4.236646962673107808e+00,4.249811602340736627e+00,5.114293398121635192e+00
8.110000000000000000e+05,4.261298190749728043e+00,4.245586566767860504e+00,4.239149252926385003e+00,4.171536200386174897e+00,4.238083970502361630e+00,4.251946833418986493e+00,5.116902514254848988e+00
8.120000000000000000e+05,4.262607438398164916e+00,4.248015805503439601e+00,4.240863834661061205e+00,4.173164417948222571e+00,4.239858840349152835e+00,4.253243993074807605e+00,5.119509771656073127e+00
8.130000000000000000e+05,4.263942395110813521e+00,4.249990451361273180e+00,4.241961002906292855e+00,4.174558553013149265e+00,4.241919410899618548e+00,4.255605514877402129e+00,5.122115173450673353e+00
8.140000000000000000e+05,4.265734113747856604e+00,4.251063539967140592e+00,4.242990710961255907e+00,4.175694059057197371e+00,4.243385325602374358e+00,4.257561437983780728e+00,5.124718722755613243e+00
8.150000000000000000e+05,4.267313862800292235e+00,4.252594824231622717e+00,4.244596345370727164e+00,4.177241645710593865e+00,4.245856637253897503e+00,4.258948773466634918e+00,5.127320422679486178e+00
8.160000000000000000e+05,4.269333505940157814e+00,4.254417399945286782e+00,4.246894132241442854e+00,4.179182060090036011e+00,4.247848473872493535e+00,4.260408533044059531e+00,5.129920276322543771e+00
8.170000000000000000e+05,4.271158142594766893e+00,4.256029321567600832e+00,4.247978131209304564e+00,4.180699233338468268e+00,4.249752808628040057e+00,4.261552287519001503e+00,5.132518286776729610e+00
8.180000000000000000e+05,4.272877315173437829e+00,4.257442527733750204e+00,4.249893591913237678e+00,4.182075492557313368e+00,4.251781830205451307e+00,4.263838870391093216e+00,5.135114457125707688e+00
8.190000000000000000e+05,4.274210094432548956e+00,4.260053224503086433e+00,4.251942825547344817e+00,4.184410861498370160e+00,4.253458829475462721e+00,4.265505134054037306e+00,5.137708790444895257e+00
8.200000000000000000e+05,4.276219888448594020e+00,4.261236492986515856e+00,4.253750814746463327e+00,4.187922949902879388e+00,4.254753953551472456e+00,4.267838594410521047e+00,5.140301289801492146e+00
8.210000000000000000e+05,4.277729002413671822e+00,4.262983809054476048e+00,4.255330741777649806e+00,4.189472269515990277e+00,4.257459659288029385e+00,4.269496622687003473e+00,5.142891958254509177e+00
8.220000000000000000e+05,4.279334400025684992e+00,4.264520821457530531e+00,4.256629482431949718e+00,4.191207440103925208e+00,4.259809866014495405e+00,4.271351239415303702e+00,5.145480798854801918e+00
8.230000000000000000e+05,4.280658210586937962e+00,4.266318630980041604e+00,4.258123482689054384e+00,4.193520141954396152e+00,4.262014354819191553e+00,4.273634127828676910e+00,5.148067814645098217e+00
8.240000000000000000e+05,4.282710462909434135e+00,4.267815437526742528e+00,4.260672770962479206e+00,4.195596423982686396e+00,4.263106591282405766e+00,4.275619465854747503e+00,5.150653008660028398e+00
8.250000000000000000e+05,4.284687323462589958e+00,4.269571098702463985e+00,4.262214254666932156e+00,4.197281195002922516e+00,4.264716919513501736e+00,4.278307214360135724e+00,5.153236383926155462e+00
8.260000000000000000e+05,4.286621756443403264e+00,4.271723740505810163e+00,4.264166586387579727e+00,4.199228191546490407e+00,4.266215819485606353e+00,4.279715187953399003e+00,5.155817943462005282e+00
8.270000000000000000e+05,4.288133056397883003e+00,4.273645880696071764e+00,4.265854230994798435e+00,4.201019863828570955e+00,4.269734153841243440e+00,4.281706325460857165e+00,5.158397690278095027e+00
8.280000000000000000e+05,4.289872129283607727e+00,4.275571595731032737e+00,4.267318513167795757e+00,4.202677183002454520e+00,4.270714509100088208e+00,4.283355185932482101e+00,5.160975627376962471e+00
8.290000000000000000e+05,4.291578650647975834e+00,4.277586918834701990e+00,4.269142599990772169e+00,4.204079945634812354e+00,4.271831067870246024e+00,4.284735770601848515e+00,5.163551757753195304e+00
8.300000000000000000e+05,4.292876231594226155e+00,4.278634335026429092e+00,4.270693998484583531e+00,4.206255695178815479e+00,4.275000852218042269e+00,4.286439655074130606e+00,5.166126084393461326e+00
8.310000000000000000e+05,4.294241715970817275e+00,4.279979414713395158e+00,4.272419846417105482e+00,4.207702156126758908e+00,4.276797605383418244e+00,4.288232848199737823e+00,5.168698610276535099e+00
8.320000000000000000e+05,4.295289972595806027e+00,4.281248907397668724e+00,4.273729785491066302e+00,4.209874945547749547e+00,4.278749169024180787e+00,4.289344819199060410e+00,5.171269338373329028e+00
8.330000000000000000e+05,4.297274835764875789e+00,4.282583437458237441e+00,4.275604187408646339e+00,4.212213033410985297e+00,4.280706051383463162e+00,4.291205659139095907e+00,5.173838271646920006e+00
8.340000000000000000e+05,4.299213469121317743e+00,4.284620020577277977e+00,4.276875439263414513e+00,4.213500923558829214e+00,4.282165368645255654e+00,4.292638595794358913e+00,5.176405413052580506e+00
8.350000000000000000e+05,4.301015636788148022e+00,4.285910129253172052e+00,4.278095142367120296e+00,4.214676774440329510e+00,4.283933151754988344e+00,4.294247483896926454e+00,5.178970765537803445e+00
8.360000000000000000e+05,4.302763724340408658e+00,4.287692839177859483e+00,4.280218262157177378e+00,4.216132852675532838e+00,4.285323952773608447e+00,4.296588867463384531e+00,5.181534332042332380e+00
8.370000000000000000e+05,4.304934284750858708e+00,4.288959375710032162e+00,4.283431986201249764e+00,4.217413461981365685e+00,4.287309775668649792e+00,4.298341583296060975e+00,5.184096115498191715e+00
8.380000000000000000e+05,4.305911114924531269e+00,4.290557359401658388e+00,4.285243192871162066e+00,4.218882787463775763e+00,4.288578236964475821e+00,4.299936854035281364e+00,5.186656118829709783e+00
8.390000000000000000e+05,4.307688238093806632e+00,4.292242880949086015e+00,4.287709660542055268e+00,4.219648099561414512e+00,4.291505533646048143e+00,4.301246046756447505e+00,5.189214344953550828e+00
8.400000000000000000e+05,4.309250599479310218e+00,4.293262950582056980e+00,4.289196955548409740e+00,4.221141492722862765e+00,4.292885454222899355e+00,4.302136550953548522e+00,5.191770796778741648e+00
8.410000000000000000e+05,4.310305332097819075e+00,4.295138917450940674e+00,4.290372796380957254e+00,4.222718883386976430e+00,4.295398850211467057e+00,4.303514182807666621e+00,5.194325477206698238e+00
8.420000000000000000e+05,4.311776912131827011e+00,4.296282171788545767e+00,4.291597630864563584e+00,4.224469304258475333e+00,4.296624323442553184e+00,4.305907801767481224e+00,5.196878389131253329e+00
8.430000000000000000e+05,4.313294247322930985e+00,4.298342019167528782e+00,4.293131699835037729e+00,4.226208574848934418e+00,4.298904988247762127e+00,4.307133267838361590e+00,5.199429535438684802e+00
8.440000000000000000e+05,4.314471240191439350e+00,4.300094448060366226e+00,4.295495767641162033e+00,4.227849616707583635e+00,4.300847224075281083e+00,4.308683350889451091e+00,5.201978919007743229e+00
8.450000000000000000e+05,4.316128714908348485e+00,4.302332946201488539e+00,4.297671305544895404e+00,4.229412762796648906e+00,4.301982293789956557e+00,4.310032401349273457e+00,5.204526542709675851e+00
8.460000000000000000e+05,4.317922214422140748e+00,4.303900155470820721e+00,4.299233053769165203e+00,4.230915673506928876e+00,4.303530035072235194e+00,4.311585006444684787e+00,5.207072409408258551e+00
8.470000000000000000e+05,4.320100999064342417e+00,4.305479597221030907e+00,4.300312351976764091e+00,4.231867340892594420e+00,4.304830888479205697e+00,4.313765319164336809e+00,5.209616521959817170e+00
8.480000000000000000e+05,4.321853432018191832e+00,4.307736279471104268e+00,4.301634145348091742e+00,4.233584145067457172e+00,4.306761012548903089e+00,4.315305571560855036e+00,5.212158883213258598e+00
8.490000000000000000e+05,4.323324628166186123e+00,4.309092465348337342e+00,4.303259202005205175e+00,4.235438031557856142e+00,4.308810571477449614e+00,4.316778794102776651e+00,5.214699496010095636e+00
8.500000000000000000e+05,4.324438385658216255e+00,4.310588747572372093e+00,4.304561819403756928e+00,4.237681994415924969e+00,4.310028280074396534e+00,4.318725757759363404e+00,5.217238363184472760e+00
8.510000000000000000e+05,4.325981442434698288e+00,4.312550384969626727e+00,4.305663740479767299e+00,4.239457655439297312e+00,4.311460494083813266e+00,4.320763260698861963e+00,5.219775487563193650e+00
8.520000000000000000e+05,4.327144433636387788e+00,4.315309170994370724e+00,4.307488570268405148e+00,4.242260796900362507e+00,4.312995131615815936e+00,4.322457497485142852e+00,5.222310871965746948e+00
8.530000000000000000e+05,4.328378735469536664e+00,4.316877085021237015e+00,4.309070442412123114e+00,4.243541896201231012e+00,4.314289817353681222e+00,4.323662233909572272e+00,5.224844519204332904e+00
8.540000000000000000e+05,4.330230371223478869e+00,4.319119112127652649e+00,4.311424347915690625e+00,4.244937754716596068e+00,4.316783054821233812e+00,4.325367700330885690e+00,5.227376432083888247e+00
8.550000000000000000e+05,4.331768203895757452e+00,4.321248405071240306e+00,4.312946604385367699e+00,4.246808586335693469e+00,4.318392014524228273e+00,4.326815744274058240e+00,5.229906613402112825e+00
8.560000000000000000e+05,4.332925768491436180e+00,4.323304953555853203e+00,4.314158455515126889e+00,4.248579513144237652e+00,4.320139673136720759e+00,4.328844219036512619e+00,5.232435065949495367e+00
8.570000000000000000e+05,4.334349963426229912e+00,4.326130631699109941e+00,4.316264026510855167e+00,4.250484944117518538e+00,4.321584217261283278e+00,4.330448213539612290e+00,5.234961792509339240e+00
8.580000000000000000e+05,4.335615509928985922e+00,4.327545259919944876e+00,4.317773435476734534e+00,4.252957553547163982e+00,4.323481415835502162e+00,4.332452260567167812e+00,5.237486795857787314e+00
8.590000000000000000e+05,4.336906929600353955e+00,4.329460524948245848e+00,4.318804592131842313e+00,4.254356057706169203e+00,4.325093704731788335e+00,4.334302659775533861e+00,5.240010078763847723e+00
8.600000000000000000e+05,4.338254740114109609e+00,4.331319362526422800e+00,4.320570896460588450e+00,4.255705499687595150e+00,4.326921569574117221e+00,4.335187022325121653e+00,5.242531643989419621e+00
8.610000000000000000e+05,4.339855658382639980e+00,4.332458458047448779e+00,4.323013145885370001e+00,4.256796836077408663e+00,4.329646360695452501e+00,4.336928354247772788e+00,5.245051494289317162e+00
8.620000000000000000e+05,4.341300826613036179e+00,4.334806215635817139e+00,4.324591353892339285e+00,4.259520860235256556e+00,4.331006898204657674e+00,4.338450004579114783e+00,5.247569632411296148e+00
8.630000000000000000e+05,4.343149277656236151e+00,4.336250656391116287e+00,4.326235907095362876e+00,4.260832714422017276e+00,4.332849574669585202e+00,4.340200061226614281e+00,5.250086061096077117e+00
8.640000000000000000e+05,4.344638502315684825e+00,4.338622137905832510e+00,4.327621707260212780e+00,4.262703177417313860e+00,4.334228726494544937e+00,4.342513832229699666e+00,5.252600783077371993e+00
8.650000000000000000e+05,4.346269990751655321e+00,4.339949265988174432e+00,4.328866526982723784e+00,4.264219134733685301e+00,4.336588330292514115e+00,4.343503480668672090e+00,5.255113801081908065e+00
8.660000000000000000e+05,4.347416675152266485e+00,4.341077941561247933e+00,4.331089447062005604e+00,4.265388626789055948e+00,4.337853086695218074e+00,4.344935956045979708e+00,5.257625117829451966e+00
8.670000000000000000e+05,4.348596860531462660e+00,4.342968762501378421e+00,4.334177774025940622e+00,4.266905746149981304e+00,4.339367680030681740e+00,4.346496022495847100e+00,5.260134736032835434e+00
8.680000000000000000e+05,4.350347471015496126e+00,4.344304682674899887e+00,4.335681143146001837e+00,4.267968968738853341e+00,4.340936130801069659e+00,4.349187180535807329e+00,5.262642658397978401e+00
8.690000000000000000e+05,4.352226279791942432e+00,4.345711554849983393e+00,4.336667936271816792e+00,4.269423883062795966e+00,4.342835765449121865e+00,4.351279100783870923e+00,5.265148887623913865e+00
8.700000000000000000e+05,4.353188501480784289e+00,4.347257586936892793e+00,4.338037973324547991e+00,4.271011366225975436e+00,4.344912381919494138e+00,4.352432035796437226e+00,5.267653426402812755e+00
8.710000000000000000e+05,4.355093635827375742e+00,4.348887616275314727e+00,4.340194804710845844e+00,4.272474113370577697e+00,4.346056937088734529e+00,4.353807409576010201e+00,5.270156277420007029e+00
8.720000000000000000e+05,4.356703918670622677e+00,4.350044028487107362e+00,4.341904323508367192e+00,4.274077835767663203e+00,4.347844844679754850e+00,4.356047648262848071e+00,5.272657443354012763e+00
8.730000000000000000e+05,4.358951774960027059e+00,4.351647506347156913e+00,4.343761860489788518e+00,4.275656306058094103e+00,4.349845883801987334e+00,4.357701049383189584e+00,5.275156926876556795e+00
8.740000000000000000e+05,4.362110618017377206e+00,4.353723154666882422e+00,4.345872368179827028e+00,4.277433224966839198e+00,4.352324706158576362e+00,4.358707549644824653e+00,5.277654730652598047e+00
8.750000000000000000e+05,4.363612250194398356e+00,4.356103342936906486e+00,4.347155769070634612e+00,4.279323657789053215e+00,4.353870265549848462e+00,4.360061652220748485e+00,5.280150857340352388e+00
8.760000000000000000e+05,4.365048143623991628e+00,4.358170825817241578e+00,4.348935074828464309e+00,4.280945333654867291e+00,4.354980570452455346e+00,4.362083716033032132e+00,5.282645309591314842e+00
8.770000000000000000e+05,4.366790834042336478e+00,4.359251338659777986e+00,4.350387301605076473e+00,4.282113012877667657e+00,4.356430156574710111e+00,4.363794793541813988e+00,5.285138090050284454e+00
8.780000000000000000e+05,4.367865328522686497e+00,4.361167531525675933e+00,4.352327707141197877e+00,4.283231381419589034e+00,4.358566052160954385e+00,4.365300592083090514e+00,5.287629201355386499e+00
8.790000000000000000e+05,4.370566774942282073e+00,4.362454434030162531e+00,4.353577923496709801e+00,4.284048790758270719e+00,4.360105349634099348e+00,4.366563603524299175e+00,5.290118646138096459e+00
8.800000000000000000e+05,4.371689617024863139e+00,4.364537947453440481e+00,4.355287221586608304e+00,4.285749036961295388e+00,4.362088729377558316e+00,4.368148675497098843e+00,5.292606427023264004e+00
8.810000000000000000e+05,4.373265070442988289e+00,4.366363948299432529e+00,4.356927752485433736e+00,4.287031964309782950e+00,4.363602273072769933e+00,4.369590335862051589e+00,5.295092546629132535e+00
8.820000000000000000e+05,4.374978916180609190e+00,4.368174291044180535e+00,4.358611661988503805e+00,4.288872546609015401e+00,4.365145208746803895e+00,4.370781305471206579e+00,5.297577007567366714e+00
8.830000000000000000e+05,4.377292202004488431e+00,4.369442431443438579e+00,4.360247229369225153e+00,4.290781493217267872e+00,4.366794168851527935e+00,4.372355264674283148e+00,5.300059812443072005e+00
8.840000000000000000e+05,4.378993496930940310e+00,4.370778211926403145e+00,4.361835029881332204e+00,4.291952963909527519e+00,4.368574546787589163e+00,4.373925860485641692e+00,5.302540963854817768e+00
8.850000000000000000e+05,4.380646816491299056e+00,4.372245801448450209e+00,4.363477512407773595e+00,4.293486471376052549e+00,4.369995578618790510e+00,4.375835929942433644e+00,5.305020464394662127e+00
8.860000000000000000e+05,4.382823653436107136e+00,4.373646552330151316e+00,4.365159675760267532e+00,4.295208487357845328e+00,4.371601478943222929e+00,4.377487181857486753e+00,5.307498316648170622e+00
8.870000000000000000e+05,4.384363223883026350e+00,4.375211074026012170e+00,4.367114960638382115e+00,4.296625361817088873e+00,4.373379016377079154e+00,4.380251270784136786e+00,5.309974523194442853e+00
8.880000000000000000e+05,4.385259366059679920e+00,4.376622462138618275e+00,4.368675496017101700e+00,4.297873475974609114e+00,4.374402070569287204e+00,4.381363772943551282e+00,5.312449086606131132e+00
8.890000000000000000e+05,4.386625616886484558e+00,4.377891248884060005e+00,4.370828546605891596e+00,4.299460705136946892e+00,4.376129725573313145e+00,4.382801893417368255e+00,5.314922009449465357e+00
8.900000000000000000e+05,4.388233358329231670e+00,4.379635656894754092e+00,4.371990827244932376e+00,4.301048960425660539e+00,4.377576670309840878e+00,4.385065433460141548e+00,5.317393294284273431e+00
8.910000000000000000e+05,4.389333879737638888e+00,4.380961534629511434e+00,4.373205241877923477e+00,4.303303335461156287e+00,4.379387638446797126e+00,4.387348503350765760e+00,5.319862943664004362e+00
8.920000000000000000e+05,4.390791043395394055e+00,4.383181776486002157e+00,4.374728573660048525e+00,4.304699491378244147e+00,4.380973328207720563e+00,4.388519670952940821e+00,5.322330960135749578e+00
8.930000000000000000e+05,4.392419086480853885e+00,4.384505114955400629e+00,4.376263732260806449e+00,4.306333688273443983e+00,4.383034540539355817e+00,4.389969758093160479e+00,5.324797346240264240e+00
8.940000000000000000e+05,4.394492381314077711e+00,4.386272376877510482e+00,4.378329336124009430e+00,4.307786809908706438e+00,4.385094746946493593e+00,4.391448940341732055e+00,5.327262104511991225e+00
8.950000000000000000e+05,4.395852358525739412e+00,4.388913387238360997e+00,4.379937456150852171e+00,4.309553950389762633e+00,4.386293510618849645e+00,4.393096473070036367e+00,5.329725237479078892e+00
8.960000000000000000e+05,4.398138746282829636e+00,4.390345455248337636e+00,4.381343397874776002e+00,4.310887047255713256e+00,4.387604196938817758e+00,4.394152849897928981e+00,5.332186747663405946e+00
8.970000000000000000e+05,4.400152084088043480e+00,4.392071217283144868e+00,4.382431325849401205e+00,4.312307798393749891e+00,4.389201547850186458e+00,4.395480667971524369e+00,5.334646637580602757e+00
8.980000000000000000e+05,4.401436423328478398e+00,4.393904239468517936e+00,4.383903713552585124e+00,4.313358641246993308e+00,4.390620019782989658e+00,4.397135657168012912e+00,5.337104909740070013e+00
8.990000000000000000e+05,4.403632915938744397e+00,4.395527311944130489e+00,4.386350508623631406e+00,4.314740827430623149e+00,4.392429213540147259e+00,4.399316314441351849e+00,5.339561566645002699e+00
9.000000000000000000e+05,4.404932874189357861e+00,4.396907272970817182e+00,4.387108239274140509e+00,4.316681168346426567e+00,4.395517510482899404e+00,4.401163135064996013e+00,5.342016610792409637e+00
9.010000000000000000e+05,4.407060308133757154e+00,4.398324981298276093e+00,4.389877632590786227e+00,4.317992400120814978e+00,4.397579525361011932e+00,4.402866647119951793e+00,5.344470044673135689e+00
9.020000000000000000e+05,4.408904015667116205e+00,4.400158669518014598e+00,4.391483226959571162e+00,4.318999832683050322e+00,4.399655451637188186e+00,4.404398199385222590e+00,5.346921870771882190e+00
9.030000000000000000e+05,4.411703402755945191e+00,4.401616374881976768e+00,4.392443650045778192e+00,4.319967360306853799e+00,4.400929787400895243e+00,4.406596233323576861e+00,5.349372091567227372e+00
9.040000000000000000e+05,4.414023939615972836e+00,4.403727864954571025e+00,4.394240790535996588e+00,4.321446867471184561e+00,4.402299017843772866e+00,4.409093320874762689e+00,5.351820709531648568e+00
9.050000000000000000e+05,4.415548868051146769e+00,4.404909819510563374e+00,4.395661742336684163e+00,4.322918171113816044e+00,4.403651317557286227e+00,4.410732712662262855e+00,5.354267727131540866e+00
9.060000000000000000e+05,4.417553563846992937e+00,4.406683624374856834e+00,4.397340811881257139e+00,4.324551491640209022e+00,4.405481700093014652e+00,4.412581132368201153e+00,5.356713146827239314e+00
9.070000000000000000e+05,4.419015220073974959e+00,4.407870084911515995e+00,4.398797642863529589e+00,4.326105374689340088e+00,4.406958567311885844e+00,4.414115426273559351e+00,5.359156971073039344e+00
9.080000000000000000e+05,4.421177319186416987e+00,4.410729538422780927e+00,4.401868388217601513e+00,4.327323953414998314e+00,4.409104083326930379e+00,4.415893696183888828e+00,5.361599202317216317e+00
9.090000000000000000e+05,4.422286314330314383e+00,4.412703545159541996e+00,4.403681362459697546e+00,4.328375582374197172e+00,4.411874599423455834e+00,4.417274605242625718e+00,5.364039843002046837e+00
9.100000000000000000e+05,4.424047736215859672e+00,4.414057055713079158e+00,4.404621646901192733e+00,4.330248137080032755e+00,4.413507929613768255e+00,4.418420216458752492e+00,5.366478895563828289e+00
9.110000000000000000e+05,4.425612868260673238e+00,4.414987648220832561e+00,4.406003794702328946e+00,4.331864410644443275e+00,4.414812669288812330e+00,4.419915735044855687e+00,5.368916362432898381e+00
9.120000000000000000e+05,4.427030307065535020e+00,4.416676198049383828e+00,4.407604828114667583e+00,4.333258659937910373e+00,4.416450784822155029e+00,4.421460045043882126e+00,5.371352246033658240e+00
9.130000000000000000e+05,4.429570006976439878e+00,4.418672523802538166e+00,4.408846267826812770e+00,4.334454404129087557e+00,4.418821502282127334e+00,4.423190646172501239e+00,5.373786548784588391e+00
9.140000000000000000e+05,4.431726297268953729e+00,4.419847170725420327e+00,4.410135912396031976e+00,4.336346022732109340e+00,4.420324113890158557e+00,4.424198062517939789e+00,5.376219273098270968e+00
9.150000000000000000e+05,4.432760334868771857e+00,4.421848168576483218e+00,4.412815328330135678e+00,4.338532848332344649e+00,4.422476957817219834e+00,4.425545896216483754e+00,5.378650421381410140e+00
9.160000000000000000e+05,4.433440012962559962e+00,4.423476081956017936e+00,4.414755305332464630e+00,4.339774891794001555e+00,4.423983305930450527e+00,4.426793060742445718e+00,5.381079996034849877e+00
9.170000000000000000e+05,4.435406819162896142e+00,4.425271643434937729e+00,4.415752280287039255e+00,4.340672217024271085e+00,4.425105230765093545e+00,4.428705963250878952e+00,5.383507999453595261e+00
9.180000000000000000e+05,4.436912229288673792e+00,4.426783571066716938e+00,4.416705708203465974e+00,4.342547432133320839e+00,4.426470492264880541e+00,4.430130576499952788e+00,5.385934434026830253e+00
9.190000000000000000e+05,4.438434744888052563e+00,4.428737307231306097e+00,4.418521005666404378e+00,4.344400104299650955e+00,4.428023862972484181e+00,4.431573733629075917e+00,5.388359302137939899e+00
9.200000000000000000e+05,4.439709133989660828e+00,4.429814961486457925e+00,4.420504378435542669e+00,4.345631440915559196e+00,4.430369005168946828e+00,4.433075123304347720e+00,5.390782606164527202e+00
9.210000000000000000e+05,4.441083349700304161e+00,4.431171075439421791e+00,4.422637037694258311e+00,4.347584054241162121e+00,4.432044189790682154e+00,4.434641739081312650e+00,5.393204348478433552e+00
9.220000000000000000e+05,4.442436543726788756e+00,4.432503301448876165e+00,4.424090570162548808e+00,4.348468303289686254e+00,4.433557852735654059e+00,4.435685510095595419e+00,5.395624531445757377e+00
9.230000000000000000e+05,4.443973563842597230e+00,4.434509620210727476e+00,4.425149954155697785e+00,4.349698195736050543e+00,4.434694715909357043e+00,4.437024639044797603e+00,5.398043157426874572e+00
9.240000000000000000e+05,4.445230674101293467e+00,4.436575620266054010e+00,4.426935300180440791e+00,4.351094339664840938e+00,4.437240771115972926e+00,4.438210577087127184e+00,5.400460228776456262e+00
9.250000000000000000e+05,4.446836675099135938e+00,4.437699000224176515e+00,4.427998079136963305e+00,4.352933882135694432e+00,4.438830951094833388e+00,4.439768970505306278e+00,5.402875747843488341e+00
9.260000000000000000e+05,4.448513090272028236e+00,4.439363961934178704e+00,4.429327476615185333e+00,4.354528003857140561e+00,4.440648876972725034e+00,4.441154157656846735e+00,5.405289716971290126e+00
9.270000000000000000e+05,4.449625429566612667e+00,4.441129354875833712e+00,4.430914673979859053e+00,4.356001810941959818e+00,4.442006412647513613e+00,4.442541671646315748e+00,5.407702138497533895e+00
9.280000000000000000e+05,4.451461578817053955e+00,4.443214699535904977e+00,4.432297557218529249e+00,4.357766751575624653e+00,4.443716117103375218e+00,4.444087967980348886e+00,5.410113014754262650e+00
9.290000000000000000e+05,4.452649409288526705e+00,4.444524790727014008e+00,4.433978517366939265e+00,4.359083731014578689e+00,4.445305174314798435e+00,4.446070418669854085e+00,5.412522348067909661e+00
9.300000000000000000e+05,4.455135259404012338e+00,4.446045807580969900e+00,4.435676534672868598e+00,4.360659713981878127e+00,4.448030322084154164e+00,4.447463501851442125e+00,5.414930140759317112e+00
9.310000000000000000e+05,4.457093146042481635e+00,4.447909540017985996e+00,4.437301841463328067e+00,4.362342380787477936e+00,4.449164370488629672e+00,4.449278247213666049e+00,5.417336395143752981e+00
9.320000000000000000e+05,4.458897154184604084e+00,4.449868088348730488e+00,4.438723108051158661e+00,4.364042439642457971e+00,4.450229684029525679e+00,4.450643153050173773e+00,5.419741113530930576e+00
9.330000000000000000e+05,4.460515269005021821e+00,4.451811600598732710e+00,4.439800784307600168e+00,4.366223231943584082e+00,4.451390777278461997e+00,4.451756964876842915e+00,5.422144298225028969e+00
9.340000000000000000e+05,4.462237824014573917e+00,4.452960780922278872e+00,4.441253678845960451e+00,4.367272322182195410e+00,4.453128263381359808e+00,4.452937134958377285e+00,5.424545951524707199e+00
9.350000000000000000e+05,4.463699203137012184e+00,4.454940951130699212e+00,4.442793677323747303e+00,4.368200062931974159e+00,4.454275672057811164e+00,4.454249048116939669e+00,5.426946075723125595e+00
9.360000000000000000e+05,4.464913528673536192e+00,4.456164687140033109e+00,4.444249301563790944e+00,4.369627273191292183e+00,4.455544642044627857e+00,4.455772008123751959e+00,5.429344673107962649e+00
9.370000000000000000e+05,4.466183499022308823e+00,4.457541049792181020e+00,4.445524303363534990e+00,4.370720390785938214e+00,4.457069166902476454e+00,4.458158125771964464e+00,5.431741745961433665e+00
9.380000000000000000e+05,4.467564018911287960e+00,4.458415705649949601e+00,4.447145474702209000e+00,4.372227324934627291e+00,4.458640717860778757e+00,4.459820920543550393e+00,5.434137296560307639e+00
9.390000000000000000e+05,4.468939204364435369e+00,4.459567596859328908e+00,4.448543941482382635e+00,4.374042199074774651e+00,4.459809820776378331e+00,4.461010172469225488e+00,5.436531327175926798e+00
9.400000000000000000e+05,4.471153527819740958e+00,4.461241631358857873e+00,4.450880949974182599e+00,4.376266903790099860e+00,4.461320731503452208e+00,4.462794929177464454e+00,5.438923840074222582e+00
9.410000000000000000e+05,4.472485412297539931e+00,4.462425177128478637e+00,4.452558558606516392e+00,4.378294032894470611e+00,4.463148887294812184e+00,4.464473591538974162e+00,5.441314837515735192e+00
9.420000000000000000e+05,4.474324414043911347e+00,4.464360877374072167e+00,4.454066367923745773e+00,4.379991567652584017e+00,4.466288980355905380e+00,4.465690425757394166e+00,5.443704321755630460e+00
9.430000000000000000e+05,4.475803987877087664e+00,4.466229951971033785e+00,4.455320682183102399e+00,4.382133377362423587e+00,4.467972146716307158e+00,4.467449591362972150e+00,5.446092295043716724e+00
9.440000000000000000e+05,4.476868217842177700e+00,4.467335662165584864e+00,4.456416960606297550e+00,4.384224734158066461e+00,4.469210026555502147e+00,4.469198547633850715e+00,5.448478759624463486e+00
9.450000000000000000e+05,4.478092119955466188e+00,4.468806115239588372e+00,4.458347730447073332e+00,4.385447325392512141e+00,4.470279870481333795e+00,4.470901345735079246e+00,5.450863717737018277e+00
9.460000000000000000e+05,4.479767660352383274e+00,4.469906151727766286e+00,4.460233241501699197e+00,4.388105247656738150e+00,4.472076179581333299e+00,4.472543358661658530e+00,5.453247171615224431e+00
9.470000000000000000e+05,4.481088075275946103e+00,4.471251330651782041e+00,4.461756611509882120e+00,4.389700694418010585e+00,4.473129209651785843e+00,4.473205991157693795e+00,5.455629123487637955e+00
9.480000000000000000e+05,4.482485429415834055e+00,4.472218157539139760e+00,4.462885346998102243e+00,4.391315273389040819e+00,4.474608447953684731e+00,4.474776994745723435e+00,5.458009575577545291e+00
9.490000000000000000e+05,4.483463188115758058e+00,4.473181518216502894e+00,4.463698574510416961e+00,4.393242450642222963e+00,4.476208962525278778e+00,4.476398866132424992e+00,5.460388530102979310e+00
9.500000000000000000e+05,4.485176564086627238e+00,4.474933252040788290e+00,4.465593845489580715e+00,4.394452652008017601e+00,4.477600942593841005e+00,4.478046910703111116e+00,5.462765989276737955e+00
9.510000000000000000e+05,4.487043758984210484e+00,4.476626712139280428e+00,4.467394835961664867e+00,4.396085483425724583e+00,4.478810866008560154e+00,4.479214835737678868e+00,5.465141955306401123e+00
9.520000000000000000e+05,4.488774211804339664e+00,4.478105931853088251e+00,4.469770148010008270e+00,4.397093126695230225e+00,4.480018118398656490e+00,4.480865386406034823e+00,5.467516430394345761e+00
9.530000000000000000e+05,4.490425184399644110e+00,4.479217854900345408e+00,4.471261022567409427e+00,4.398636602321549738e+00,4.481504393950664245e+00,4.482053210831095313e+00,5.469889416737764520e+00
9.540000000000000000e+05,4.491923249011946950e+00,4.481061327860344612e+00,4.473348250280074545e+00,4.399832613864961495e+00,4.483546179726060288e+00,4.483967386549481127e+00,5.472260916528682628e+00
9.550000000000000000e+05,4.493703605785668742e+00,4.482351456817931457e+00,4.475183212178442282e+00,4.400762630464478242e+00,4.484744573437339454e+00,4.485158092893465565e+00,5.474630931953973878e+00
9.560000000000000000e+05,4.495495177786570373e+00,4.483873705592253955e+00,4.476595670453579423e+00,4.402665833645396098e+00,4.486032330901060128e+00,4.487244052295579877e+00,5.476999465195377503e+00
9.570000000000000000e+05,4.497298491484415628e+00,4.484889990938199844e+00,4.477974285127047871e+00,4.403751953488629134e+00,4.487199129054429747e+00,4.488473352692147422e+00,5.479366518429514166e+00
9.580000000000000000e+05,4.499340409491120241e+00,4.486151427418400672e+00,4.479628385704664595e+00,4.405182608690933144e+00,4.488835807816800028e+00,4.490580148509226710e+00,5.481732093827904606e+00
9.590000000000000000e+05,4.500775643078612553e+00,4.488038168830277286e+00,4.480901706473868984e+00,4.406388764671335778e+00,4.490401935838642444e+00,4.491933989968781127e+00,5.484096193556982968e+00
9.600000000000000000e+05,4.503645994678926456e+00,4.490598123486545745e+00,4.482455078700557927e+00,4.408436303565152592e+00,4.492235532409352139e+00,4.493486182129361239e+00,5.486458819778116336e+00
9.610000000000000000e+05,4.505236417104522495e+00,4.492113798638910360e+00,4.483944892626453793e+00,4.409682870917454700e+00,4.493712474691145431e+00,4.495894158778808603e+00,5.488819974647618061e+00
9.620000000000000000e+05,4.506884646703629649e+00,4.494044062587427391e+00,4.485422806962000131e+00,4.410612344719844202e+00,4.494813564079913171e+00,4.497230637987627233e+00,5.491179660316767297e+00
9.630000000000000000e+05,4.508807502950677559e+00,4.495377517275914059e+00,4.486690416019964545e+00,4.411797391972221760e+00,4.496053722092591798e+00,4.498953154231319473e+00,5.493537878931822327e+00
9.640000000000000000e+05,4.511735361014264534e+00,4.496423332051784350e+00,4.488636024264275548e+00,4.413022878357424794e+00,4.498045956856418393e+00,4.499977392195795289e+00,5.495894632634038324e+00
9.650000000000000000e+05,4.513246090793193055e+00,4.497788691703980213e+00,4.489904490964513606e+00,4.414839846005325086e+00,4.499757879026082819e+00,4.501877873287736698e+00,5.498249923559682451e+00
9.660000000000000000e+05,4.515728263077389393e+00,4.499447143751458711e+00,4.491006286007485748e+00,4.416761456133189157e+00,4.501303066057262825e+00,4.503652073533907618e+00,5.500603753840050736e+00
9.670000000000000000e+05,4.516396028671949558e+00,4.500568796475151068e+00,4.492082120691320846e+00,4.417718355789435947e+00,4.502903643505523412e+00,4.505034188965568731e+00,5.502956125601483173e+00
9.680000000000000000e+05,4.517834545055580797e+00,4.502351896654361418e+00,4.493828769238862542e+00,4.419191000204266473e+00,4.504447673335268298e+00,4.506840487661826877e+00,5.505307040965381482e+00
9.690000000000000000e+05,4.519220937162682361e+00,4.504451656617630917e+00,4.495007416522718735e+00,4.421338221831249804e+00,4.505917783252646025e+00,4.507954986640022810e+00,5.507656502048221547e+00
9.700000000000000000e+05,4.520889221198313379e+00,4.505985209374059330e+00,4.496633737139636544e+00,4.422676732440357306e+00,4.507546229785480030e+00,4.509726892524524189e+00,5.510004510961572066e+00
9.710000000000000000e+05,4.522060849096369850e+00,4.507528514897089167e+00,4.498978911710980633e+00,4.425109375632875874e+00,4.508848566415728953e+00,4.510901746585942895e+00,5.512351069812109650e+00
9.720000000000000000e+05,4.523521319038818156e+00,4.508926826884241734e+00,4.500098105395859527e+00,4.426499847792265463e+00,4.510628421268920718e+00,4.512535888197666267e+00,5.514696180701633033e+00
9.730000000000000000e+05,4.524713227357075596e+00,4.510608731857162823e+00,4.501422825061649924e+00,4.428481274808127033e+00,4.512208551453822380e+00,4.514709684896298647e+00,5.517039845727079950e+00
9.740000000000000000e+05,4.526515960895736157e+00,4.512654094743219879e+00,4.503312435698714644e+00,4.429753351669623918e+00,4.513230470874078470e+00,4.516110108879611396e+00,5.519382066980543122e+00
9.750000000000000000e+05,4.527672469146985179e+00,4.514607726293895951e+00,4.504890254967939711e+00,4.430909861599596766e+00,4.514824563121151435e+00,4.518240817871845394e+00,5.521722846549283581e+00
9.760000000000000000e+05,4.529595160846504598e+00,4.515926442715424649e+00,4.506916611796110139e+00,4.432400699101584962e+00,4.516285899529043135e+00,4.520368677590721695e+00,5.524062186515748429e+00
9.770000000000000000e+05,4.530845203842047475e+00,4.517716975048591266e+00,4.508767884347570032e+00,4.434410550368168558e+00,4.517634628128931240e+00,4.521850433093757893e+00,5.526400088957583279e+00
9.780000000000000000e+05,4.532998520388700214e+00,4.519656777759386124e+00,4.509823366247532661e+00,4.435638793275518132e+00,4.519036174587371057e+00,4.523049969696012695e+00,5.528736555947651787e+00
9.790000000000000000e+05,4.534284849020091990e+00,4.521065204729416642e+00,4.510956806676070130e+00,4.437024716604943464e+00,4.520541827121616230e+00,4.524461426725105540e+00,5.531071589554045431e+00
9.800000000000000000e+05,4.535945619971805343e+00,4.522701054442719304e+00,4.512389961915284076e+00,4.438704465661690968e+00,4.521932004839443131e+00,4.525656399677218999e+00,5.533405191840103932e+00
9.810000000000000000e+05,4.537942707527284014e+00,4.523871492256233751e+00,4.513777141419351935e+00,4.439768022818087800e+00,4.523494338861011599e+00,4.527215450760651017e+00,5.535737364864425913e+00
9.820000000000000000e+05,4.540198257253706515e+00,4.525348481964624803e+00,4.515467380468991543e+00,4.441019757705010562e+00,4.524439444072465122e+00,4.528607297107782870e+00,5.538068110680887557e+00
9.830000000000000000e+05,4.541588757824683853e+00,4.527038721719581993e+00,4.516717649358679587e+00,4.442509713673747029e+00,4.526497780044393515e+00,4.529607284270726453e+00,5.540397431338654144e+00
9.840000000000000000e+05,4.542307548565568176e+00,4.528324772075257520e+00,4.517934893895599657e+00,4.444883927052348582e+00,4.527604712826406086e+00,4.530683015635116107e+00,5.542725328882196933e+00
9.850000000000000000e+05,4.543701194178592750e+00,4.529702463476105834e+00,4.519747108695600701e+00,4.446155230174484885e+00,4.528726136796712431e+00,4.532962317417636555e+00,5.545051805351308261e+00
9.860000000000000000e+05,4.544921416174125817e+00,4.530725350748349811e+00,4.520724377835491303e+00,4.447501154673701329e+00,4.530157453701817438e+00,4.534246549639432189e+00,5.547376862781114859e+00
9.870000000000000000e+05,4.546685366855237831e+00,4.532022126524755556e+00,4.522234825065355679e+00,4.449640193366487750e+00,4.531692830405063432e+00,4.535647064936740414e+00,5.549700503202094737e+00
9.880000000000000000e+05,4.547924048309893053e+00,4.533580060133446388e+00,4.523442574553008910e+00,4.450837573907495681e+00,4.533068015100556458e+00,4.537153425734029355e+00,5.552022728640087834e+00
9.890000000000000000e+05,4.549956691644589490e+00,4.535263220470313605e+00,4.524985162315834586e+00,4.452144286308237220e+00,4.534646739715604724e+00,4.538285258029757685e+00,5.554343541116315563e+00
9.900000000000000000e+05,4.551427374711082052e+00,4.536540976290353910e+00,4.526265670968760091e+00,4.453899227314933817e+00,4.535942713877441967e+00,4.539259883741975088e+00,5.556662942647391468e+00
9.910000000000000000e+05,4.553300586002253070e+00,4.538344014350554012e+00,4.527499197552427468e+00,4.454836820736007397e+00,4.537036519348125907e+00,4.540922358676047210e+00,5.558980935245337207e+00
9.920000000000000000e+05,4.554235718308733638e+00,4.539792752105824114e+00,4.528930242273490947e+00,4.456024481977778784e+00,4.538506710371943420e+00,4.542392153252847287e+00,5.561297520917597659e+00
9.930000000000000000e+05,4.555551987331795338e+00,4.541305511289192687e+00,4.530480329104864978e+00,4.457652749774361212e+00,4.539707471110571824e+00,4.543881570922374991e+00,5.563612701667054239e+00
9.940000000000000000e+05,4.556656820179116885e+00,4.542549581663316793e+00,4.532263149667243418e+00,4.458800133486397144e+00,4.541254248852656161e+00,4.545836272593290595e+00,5.565926479492039114e+00
9.950000000000000000e+05,4.558191600696517298e+00,4.544392026491665959e+00,4.533580372372822964e+00,4.460253013225853991e+00,4.543131311895070468e+00,4.547423260690605318e+00,5.568238856386349411e+00
9.960000000000000000e+05,4.560234268147928205e+00,4.546138537953815728e+00,4.534849417090502932e+00,4.462384343138450227e+00,4.544367167386679895e+00,4.549297308384654848e+00,5.570549834339262318e+00
9.970000000000000000e+05,4.561784440300822752e+00,4.547939973705535266e+00,4.535875228161897255e+00,4.465029292580307896e+00,4.546564108568042606e+00,4.550960959670821815e+00,5.572859415335547517e+00
9.980000000000000000e+05,4.563460005609933035e+00,4.549242603325605039e+00,4.537247097158898512e+00,4.466020869086904987e+00,4.547561043937742298e+00,4.552356041178893697e+00,5.575167601355484059e+00
9.990000000000000000e+05,4.564908779303483044e+00,4.550198186233468611e+00,4.539112296746109720e+00,4.467776852240670671e+00,4.548728329757386390e+00,4.553435720441830092e+00,5.577474394374871025e+00
1.000000000000000000e+06,4.566221747940139686e+00,4.551227442570761283e+00,4.541159887761575753e+00,4.468751162896325901e+00,4.549733679698138467e+00,4.554828021775983338e+00,5.579779796365043509e+00
1.001000000000000000e+06,4.568238883458945132e+00,4.552791197590303263e+00,4.543063152568820762e+00,4.470080065245817913e+00,4.551330650736049144e+00,4.556035163709522884e+00,5.582083809292885945e+00
1.002000000000000000e+06,4.569234196101398915e+00,4.554013725504887589e+00,4.544948994278139587e+00,4.472023289856950079e+00,4.552476191878293221e+00,4.557526016183943263e+00,5.584386435120846315e+00
1.003000000000000000e+06,4.570602193829671478e+00,4.555919442089282789e+00,4.546923325907648916e+00,4.473190656583976299e+00,4.554013202717316133e+00,4.558766878575301718e+00,5.586687675806950359e+00
1.004000000000000000e+06,4.571613579950571271e+00,4.557467246719813403e+00,4.548273018577801530e+00,4.475045813036024001e+00,4.555124779320990136e+00,4.560115235427552705e+00,5.588987533304813127e+00
1.005000000000000000e+06,4.573184439377532939e+00,4.558552465454011937e+00,4.550108141931811900e+00,4.477651611204487736e+00,4.556712397131005510e+00,4.561734473963065639e+00,5.591286009563654069e+00
1.006000000000000000e+06,4.574568064520913246e+00,4.559739288325586948e+00,4.551381472497275205e+00,4.478755109466796114e+00,4.558354532822558980e+00,4.563087646268377817e+00,5.593583106528312143e+00
1.007000000000000000e+06,4.576105121068988701e+00,4.561361423786134850e+00,4.552500298019719338e+00,4.480587291230580860e+00,4.559915081202279730e+00,4.564172674449172185e+00,5.595878826139257356e+00
1.008000000000000000e+06,4.578059154453189450e+00,4.562589104074493029e+00,4.553758659456812019e+00,4.481497888924252493e+00,4.561496304684067304e+00,4.565198289742155247e+00,5.598173170332604087e+00
1.009000000000000000e+06,4.580340438352780374e+00,4.563804434130681820e+00,4.555485352936015531e+00,4.483817153444345394e+00,4.563074794621285513e+00,4.566074402288237799e+00,5.600466141040126189e+00
1.010000000000000000e+06,4.581564463422377997e+00,4.566207502824246589e+00,4.556648733662494344e+00,4.485752939082462198e+00,4.564397441953665258e+00,4.567723796556767191e+00,5.602757740189269420e+00
1.011000000000000000e+06,4.583217334489638972e+00,4.567598896853674262e+00,4.557959254420755890e+00,4.487483312369087152e+00,4.566123366176316978e+00,4.569119505347737586e+00,5.605047969703163879e+00
1.012000000000000000e+06,4.584666373257855199e+00,4.569151847144856227e+00,4.559720496737920570e+00,4.489541047769511017e+00,4.567604234766652560e+00,4.570814107874133114e+00,5.607336831500639107e+00
1.013000000000000000e+06,4.586158196533527409e+00,4.570768717293036687e+00,4.560892787966606576e+00,4.491227048352406825e+00,4.569100670599447689e+00,4.572232542272037570e+00,5.609624327496237406e+00
1.014000000000000000e+06,4.587650005744665194e+00,4.572313660760376486e+00,4.561832786786247596e+00,4.492961302771958820e+00,4.570151632689195331e+00,4.574316674299035768e+00,5.611910459600224499e+00
1.015000000000000000e+06,4.588742330222928878e+00,4.574059430002765048e+00,4.562963511469981803e+00,4.494087877616042448e+00,4.571124008042859010e+00,4.575768217839100593e+00,5.614195229718604629e+00
1.016000000000000000e+06,4.590262228459308425e+00,4.576372832054816264e+00,4.565113047913263777e+00,4.495422029126688201e+00,4.572674302771126520e+00,4.576945178125991553e+00,5.616478639753133884e+00
1.017000000000000000e+06,4.591818810296037334e+00,4.577696218140026474e+00,4.567184480436877969e+00,4.496743513703747475e+00,4.573738192505796718e+00,4.578508733239406325e+00,5.618760691601332624e+00
1.018000000000000000e+06,4.593459421461141723e+00,4.580176601006697545e+00,4.568510864934155258e+00,4.498220837078183543e+00,4.575296622985578487e+00,4.580235958887711512e+00,5.621041387156498814e+00
1.019000000000000000e+06,4.595681469587103329e+00,4.581453672362576057e+00,4.570013371841447736e+00,4.499376880907056453e+00,4.577191142121941780e+00,4.581672885008067020e+00,5.623320728307719563e+00
1.020000000000000000e+06,4.596876842214847159e+00,4.583157481294424684e+00,4.571244576103295820e+00,4.500400397544756181e+00,4.578456380924605718e+00,4.583088014869261428e+00,5.625598716939886224e+00
1.021000000000000000e+06,4.598192332741992239e+00,4.584558043300337005e+00,4.573226232628099019e+00,4.501690938721825574e+00,4.579686430969649003e+00,4.584587140887503409e+00,5.627875354933705943e+00
1.022000000000000000e+06,4.599527565182060407e+00,4.585411334346514600e+00,4.575010261877493711e+00,4.502721207702113482e+00,4.581181413455658102e+00,4.585754242935712099e+00,5.630150644165714979e+00
1.023000000000000000e+06,4.600930443290399019e+00,4.587267762614565925e+00,4.576253876625267836e+00,4.504416625684255493e+00,4.582166986814072196e+00,4.587492556459446646e+00,5.632424586508289366e+00
1.024000000000000000e+06,4.602238639574075307e+00,4.588502810049416070e+00,4.578220339411960715e+00,4.506342371594030283e+00,4.583588989485367193e+00,4.588924121121885413e+00,5.634697183829660894e+00
1.025000000000000000e+06,4.604253420038408429e+00,4.590092686865978600e+00,4.579624126591564703e+00,4.507558875948229016e+00,4.585572173232640658e+00,4.590409116588380911e+00,5.636968437993928660e+00
1.026000000000000000e+06,4.605983502192765755e+00,4.591372989978124153e+00,4.581360660602468826e+00,4.509091836467781000e+00,4.587400311450714696e+00,4.591788623240444345e+00,5.639238350861068838e+00
1.027000000000000000e+06,4.608008235163011612e+00,4.593210017632950226e+00,4.582567346743031678e+00,4.510428570334071630e+00,4.588353107588981850e+00,4.593244713905318299e+00,5.641506924286952440e+00
1.028000000000000000e+06,4.609426320226172713e+00,4.594824320888820424e+00,4.584638088487819729e+00,4.511802256598341998e+00,4.590175301140082986e+00,4.594502350212093411e+00,5.643774160123352424e+00
1.029000000000000000e+06,4.611063096058951594e+00,4.596378320720079458e+00,4.586061725500766961e+00,4.514006500085606000e+00,4.591319148747276202e+00,4.595981580769826103e+00,5.646040060217960566e+00
1.030000000000000000e+06,4.612234697947087625e+00,4.597974176382845002e+00,4.587610307978517987e+00,4.515186343421108361e+00,4.592476564016057416e+00,4.597028953356914194e+00,5.648304626414396346e+00
1.031000000000000000e+06,4.613900278422989665e+00,4.599606601147160134e+00,4.588855140966616730e+00,4.516698577072908449e+00,4.593853579608556892e+00,4.598357759303647541e+00,5.650567860552222044e+00
1.032000000000000000e+06,4.615082749912596149e+00,4.601201305887119730e+00,4.590439456068846624e+00,4.517974357464973778e+00,4.595300914924393965e+00,4.599876307293972566e+00,5.652829764466953399e+00
1.033000000000000000e+06,4.617079424447881664e+00,4.602788961182732841e+00,4.592211382610354775e+00,4.519530986235650971e+00,4.596504207035551737e+00,4.601230926035806412e+00,5.655090339990072046e+00
1.034000000000000000e+06,4.619174615613439450e+00,4.604255695719900565e+00,4.593559227581882176e+00,4.520881051757950964e+00,4.598281271396833958e+00,4.602395156092830675e+00,5.657349588949037944e+00
1.035000000000000000e+06,4.621332690892706374e+00,4.605085880555038536e+00,4.595097961506194650e+00,4.522246475141299626e+00,4.599628453579130749e+00,4.603656968447690012e+00,5.659607513167302706e+00
1.036000000000000000e+06,4.622664311981547591e+00,4.606819498832305015e+00,4.596621661832019257e+00,4.523858464616103525e+00,4.601182843990904381e+00,4.604698630752181110e+00,5.661864114464318476e+00
1.037000000000000000e+06,4.624848579208302723e+00,4.608130418175521825e+00,4.597941419243470662e+00,4.525098173791443301e+00,4.602711822790473306e+00,4.605798467131499763e+00,5.664119394655554807e+00
1.038000000000000000e+06,4.627082955853889068e+00,4.609527285374299233e+00,4.599501134448935602e+00,4.526749813323737825e+00,4.604320590163453630e+00,4.607288405598059633e+00,5.666373355552504876e+00
1.039000000000000000e+06,4.628411598437856433e+00,4.610930703289333188e+00,4.600739893851086393e+00,4.528724263277364770e+00,4.605582811462347159e+00,4.609106927459053260e+00,5.668625998962703250e+00
1.040000000000000000e+06,4.630030340535554956e+00,4.612261909890394307e+00,4.602150637172848668e+00,4.529886896935695795e+00,4.606897121049243538e+00,4.610767619127172701e+00,5.670877326689733877e+00
1.041000000000000000e+06,4.631418647712618686e+00,4.613103263382138053e+00,4.604063474754596541e+00,4.531854159134104165e+00,4.608341121515988625e+00,4.612161140104449331e+00,5.673127340533243412e+00
1.042000000000000000e+06,4.632407790475394194e+00,4.614223343372153785e+00,4.605707970662229478e+00,4.533327989382332390e+00,4.609378176980080788e+00,4.614202536284349954e+00,5.675376042288951872e+00
1.043000000000000000e+06,4.633282669089640926e+00,4.615561634372886246e+00,4.607807614327784407e+00,4.534455726176774171e+00,4.610907710144813265e+00,4.615152377945813456e+00,5.677623433748666848e+00
1.044000000000000000e+06,4.634377855097007171e+00,4.617041320167539986e+00,4.608911872569858126e+00,4.535604007537681781e+00,4.612357075495894243e+00,4.617196091347859799e+00,5.679869516700293275e+00
1.045000000000000000e+06,4.635548997270905858e+00,4.618350884859001582e+00,4.610139559108825225e+00,4.537199368739889493e+00,4.613361037974131662e+00,4.619388917740180567e+00,5.682114292927844978e+00
1.046000000000000000e+06,4.637337120783951327e+00,4.619883272920858985e+00,4.611856797197048330e+00,4.539137876394201854e+00,4.614790642382170738e+00,4.621437555498353333e+00,5.684357764211457109e+00
1.047000000000000000e+06,4.639462662660111647e+00,4.621327665528044193e+00,4.612869106200378155e+00,4.540359417330322778e+00,4.616541260065320174e+00,4.622863720060828463e+00,5.686599932327398577e+00
1.048000000000000000e+06,4.640882633788210754e+00,4.622970500174204744e+00,4.614673340267080093e+00,4.541619179276772833e+00,4.618118934682684973e+00,4.625107901042357916e+00,5.688840799048081820e+00
1.049000000000000000e+06,4.642334564918417783e+00,4.624276503605863731e+00,4.615805798326547027e+00,4.543555382518825958e+00,4.619787578197190214e+00,4.626882779836427595e+00,5.691080366142075242e+00
1.050000000000000000e+06,4.643652168397406577e+00,4.625907147731602720e+00,4.617520166265359549e+00,4.545175041629506474e+00,4.621027993963060965e+00,4.628207935271312579e+00,5.693318635374114756e+00
1.051000000000000000e+06,4.644813956475672967e+00,4.627281604800888459e+00,4.618940706724570688e+00,4.546551795891948800e+00,4.622434614668309294e+00,4.629824792116718157e+00,5.695555608505115330e+00
1.052000000000000000e+06,4.646268437576031474e+00,4.628611807133625966e+00,4.620447663391217041e+00,4.548177676693879512e+00,4.624210980522973635e+00,4.631569432270516096e+00,5.697791287292180762e+00
1.053000000000000000e+06,4.647828820943465722e+00,4.629899511528683398e+00,4.621586649816260106e+00,4.549285961156141589e+00,4.625815843006983563e+00,4.632558595427155979e+00,5.700025673488617883e+00
1.054000000000000000e+06,4.649348536766355622e+00,4.631237775082645669e+00,4.622860918574010824e+00,4.550139993831800567e+00,4.627551861373071063e+00,4.633620852976463311e+00,5.702258768843945447e+00
1.055000000000000000e+06,4.650893200555985096e+00,4.632270750782905289e+00,4.624353590173800654e+00,4.551772774125864451e+00,4.629607344028392468e+00,4.634868563665659025e+00,5.704490575103906558e+00
1.056000000000000000e+06,4.651950635858606908e+00,4.633478982642578181e+00,4.625910154230163052e+00,4.553277390426189619e+00,4.631831241753054051e+00,4.635524804626669493e+00,5.706721094010480222e+00
1.057000000000000000e+06,4.653021361972041525e+00,4.634777222595399593e+00,4.627349664601208445e+00,4.555127864039093311e+00,4.632824142432886205e+00,4.636594503917406129e+00,5.708950327301890226e+00
1.058000000000000000e+06,4.654583843334802573e+00,4.636041922629177137e+00,4.628892895280976028e+00,4.556764699136791386e+00,4.634252326460742921e+00,4.638416745124209761e+00,5.711178276712620239e+00
1.059000000000000000e+06,4.656097927093719946e+00,4.638216516874582140e+00,4.630311955445524319e+00,4.558353533724392115e+00,4.636021058000665107e+00,4.640385487797081154e+00,5.713404943973420025e+00
1.060000000000000000e+06,4.656973172771837532e+00,4.640091332539368452e+00,4.632291767482461076e+00,4.560140325783012649e+00,4.637101838533494558e+00,4.642542358807229874e+00,5.715630330811321436e+00
1.061000000000000000e+06,4.658997882079370711e+00,4.641423245967949640e+00,4.633599703291824135e+00,4.561629979370620980e+00,4.639202741590649381e+00,4.644784602096773796e+00,5.717854438949645512e+00
1.062000000000000000e+06,4.660270556228715222e+00,4.642677900085465659e+00,4.635292342866898174e+00,4.562891691883113943e+00,4.640271144165374118e+00,4.646160142702752793e+00,5.720077270108015810e+00
1.063000000000000000e+06,4.661427003133147728e+00,4.643844915546528007e+00,4.636438180641276219e+00,4.564078392914589166e+00,4.641857228940609481e+00,4.647840476216737571e+00,5.722298826002367278e+00
1.064000000000000000e+06,4.662431238251421917e+00,4.645140867499766735e+00,4.637602345030257034e+00,4.565401033046191159e+00,4.642983747180247533e+00,4.649206033549709183e+00,5.724519108344960472e+00
1.065000000000000000e+06,4.663911350335349759e+00,4.646614376948559944e+00,4.638872541237343938e+00,4.566268198982250226e+00,4.644120335512359254e+00,4.650728893989732882e+00,5.726738118844387770e+00
1.066000000000000000e+06,4.665709763969360324e+00,4.647859766081155364e+00,4.640798110943634036e+00,4.568104743413054614e+00,4.645480799629233104e+00,4.652068078006971419e+00,5.728955859205588474e+00
1.067000000000000000e+06,4.666774211838595754e+00,4.648876017434068864e+00,4.642276773213086294e+00,4.569602257559690628e+00,4.647039820679689903e+00,4.652911849659637333e+00,5.731172331129857689e+00
1.068000000000000000e+06,4.668557063433233623e+00,4.650695730537024453e+00,4.644060285113649655e+00,4.571639206130973854e+00,4.648435065856851622e+00,4.654313974730563963e+00,5.733387536314856092e+00
1.069000000000000000e+06,4.670669374661408746e+00,4.652388599677085956e+00,4.645307173607650775e+00,4.573443828289589952e+00,4.650257845157244496e+00,4.656073972633989477e+00,5.735601476454622372e+00
1.070000000000000000e+06,4.672638595939126560e+00,4.653848774729133275e+00,4.646566785419280698e+00,4.575008228754586348e+00,4.651106709285968144e+00,4.657190738231699711e+00,5.737814153239582993e+00
1.071000000000000000e+06,4.673566324141008366e+00,4.655242841405201837e+00,4.648077586715234411e+00,4.576517903139976085e+00,4.652743416584568692e+00,4.658424040916610664e+00,5.740025568356562857e+00
1.072000000000000000e+06,4.674597035828022662e+00,4.657311748920521133e+00,4.649140911355163830e+00,4.577680584169414146e+00,4.653989290773175469e+00,4.659384138197838254e+00,5.742235723488795074e+00
1.073000000000000000e+06,4.676383685571366300e+00,4.658886323586767020e+00,4.650826100085627246e+00,4.579020650861830077e+00,4.655328804325308489e+00,4.660476456795856315e+00,5.744444620315934280e+00
1.074000000000000000e+06,4.678104532562111117e+00,4.660483713600741318e+00,4.652528248764621566e+00,4.580775044367383586e+00,4.656977429804220137e+00,4.661894585881891651e+00,5.746652260514063748e+00
1.075000000000000000e+06,4.679364318499396269e+00,4.661774946120233132e+00,4.654053634079769353e+00,4.582998046761326272e+00,4.658094294076430941e+00,4.662723319963721025e+00,5.748858645755707819e+00
1.076000000000000000e+06,4.681587605118965101e+00,4.663003268957971237e+00,4.656047696142464609e+00,4.584937186551339749e+00,4.659841106674356581e+00,4.664232718174485370e+00,5.751063777709841673e+00
1.077000000000000000e+06,4.683363770112768165e+00,4.664019284358261963e+00,4.658162865493787663e+00,4.586724493365196942e+00,4.661372693145211521e+00,4.666002518619169592e+00,5.753267658041901988e+00
1.078000000000000000e+06,4.684751986864116091e+00,4.665312036316069388e+00,4.659229695807502125e+00,4.588090853955132609e+00,4.662577371297189188e+00,4.667232561569610638e+00,5.755470288413796709e+00
1.079000000000000000e+06,4.686304891984343080e+00,4.666941096961612523e+00,4.660547066189286269e+00,4.589669440601602979e+00,4.664028844170053922e+00,4.668546818363101814e+00,5.757671670483914816e+00
1.080000000000000000e+06,4.687024615858556231e+00,4.668232775277568081e+00,4.662309012685704523e+00,4.591087476791562594e+00,4.665264457226378170e+00,4.670073553384192167e+00,5.759871805907138764e+00
1.081000000000000000e+06,4.688629089595308663e+00,4.669228599421563430e+00,4.664181876264529514e+00,4.592880269469178600e+00,4.666369117069431027e+00,4.671801133631814373e+00,5.762070696334853359e+00
1.082000000000000000e+06,4.690159144909216593e+00,4.670764176993645656e+00,4.664895431187265018e+00,4.593946362115810089e+00,4.667621038685214607e+00,4.673955546059311850e+00,5.764268343414955531e+00
1.083000000000000000e+06,4.691565559515451511e+00,4.671810437593006959e+00,4.665915215465937571e+00,4.595315642837169534e+00,4.669622353629989675e+00,4.675144655477861733e+00,5.766464748791864103e+00
1.084000000000000000e+06,4.692680461187413776e+00,4.673335303260624407e+00,4.668519855129991569e+00,4.596144811634723659e+00,4.670952218795560995e+00,4.676798024820498334e+00,5.768659914106531339e+00
1.085000000000000000e+06,4.694131360425304322e+00,4.674378163458930757e+00,4.669703580634725348e+00,4.597697231423808262e+00,4.671894791778331779e+00,4.677815385140421611e+00,5.770853840996452710e+00
1.086000000000000000e+06,4.695142278346032150e+00,4.675115746810071471e+00,4.671440481134164102e+00,4.599031286336955127e+00,4.673081166458102231e+00,4.679008000832896030e+00,5.773046531095675782e+00
1.087000000000000000e+06,4.697230187440966098e+00,4.676543194579284801e+00,4.672577045602245072e+00,4.600393110093186522e+00,4.674187406599606298e+00,4.680311529115432023e+00,5.775237986034810866e+00
1.088000000000000000e+06,4.698488710794864964e+00,4.677980068303705607e+00,4.674387880380260540e+00,4.602405464364038856e+00,4.675668486206991048e+00,4.681760858080103560e+00,5.777428207441042574e+00
1.089000000000000000e+06,4.700503054380288148e+00,4.679114532709614416e+00,4.675884671660890390e+00,4.603827103675801169e+00,4.676724933699682119e+00,4.683555445030914477e+00,5.779617196938136026e+00
1.090000000000000000e+06,4.702102072160391444e+00,4.680338546568491687e+00,4.677025649013639708e+00,4.605428688837254647e+00,4.678701359321392417e+00,4.684767096466980973e+00,5.781804956146450181e+00
1.091000000000000000e+06,4.704045550073388426e+00,4.681723092711638223e+00,4.677843844083679592e+00,4.606453415684265806e+00,4.680254144277220085e+00,4.685641562118465941e+00,5.783991486682945826e+00
1.092000000000000000e+06,4.705567483254070815e+00,4.684298583660948090e+00,4.679359954142738864e+00,4.607684536552884680e+00,4.681537040932267857e+00,4.686517444613051531e+00,5.786176790161196237e+00
1.093000000000000000e+06,4.706830510385596078e+00,4.685237629710097274e+00,4.681002542000539002e+00,4.609070067381737523e+00,4.683221506323540062e+00,4.687755315562140090e+00,5.788360868191396058e+00
1.094000000000000000e+06,4.707920896205863848e+00,4.687280059689149958e+00,4.683102960026982231e+00,4.610650325310718500e+00,4.685160778283417926e+00,4.688943072124303946e+00,5.790543722380372849e+00
1.095000000000000000e+06,4.709793312951773281e+00,4.688511925677094183e+00,4.684579807364549708e+00,4.612020410552832850e+00,4.686943370927952657e+00,4.690201308309935868e+00,5.792725354331595078e+00
1.096000000000000000e+06,4.710850046917283152e+00,4.689915561634688146e+00,4.685459213534117318e+00,4.612906752939955446e+00,4.688752173643898402e+00,4.691942370956871500e+00,5.794905765645181006e+00
1.097000000000000000e+06,4.711757859339912535e+00,4.691162994889532811e+00,4.686972693543664192e+00,4.614017347705265060e+00,4.690750150474880087e+00,4.693658826688420049e+00,5.797084957917911119e+00
1.098000000000000000e+06,4.714095485638720717e+00,4.692737663172406926e+00,4.688153508275425985e+00,4.615352179522779430e+00,4.692061856243816997e+00,4.694920659414062669e+00,5.799262932743235233e+00
1.099000000000000000e+06,4.715516074106362865e+00,4.693913086365434140e+00,4.689369900545431236e+00,4.616313783940859672e+00,4.693623643222363029e+00,4.696004269117546315e+00,5.801439691711283153e+00
1.100000000000000000e+06,4.717387536964610995e+00,4.694922132381204705e+00,4.691270401374550758e+00,4.617709537890120508e+00,4.695011510099978302e+00,4.696868039485601720e+00,5.803615236408874445e+00
1.101000000000000000e+06,4.719335029124493985e+00,4.696094780428923698e+00,4.692376447933620298e+00,4.619042381999450164e+00,4.696281228521239193e+00,4.698193994421393072e+00,5.805789568419526425e+00
1.102000000000000000e+06,4.720413634833677818e+00,4.697268867289775329e+00,4.693876975426028331e+00,4.620446987579835962e+00,4.697709749209054486e+00,4.699690726499426319e+00,5.807962689323466599e+00
1.103000000000000000e+06,4.721142836419799593e+00,4.698385903599033853e+00,4.696111204626754798e+00,4.621272844208293762e+00,4.698759427669332744e+00,4.700646623713962136e+00,5.810134600697637985e+00
1.104000000000000000e+06,4.722081914519480783e+00,4.699751924690049876e+00,4.697453292634203414e+00,4.623185355844872113e+00,4.699909895215563793e+00,4.701943075828254770e+00,5.812305304115711557e+00
1.105000000000000000e+06,4.723164257668864607e+00,4.700498512255117944e+00,4.698776932782134708e+00,4.624099747257746529e+00,4.700996059513767200e+00,4.703520316924212352e+00,5.814474801148094230e+00
1.106000000000000000e+06,4.724678706339826562e+00,4.702029170246283307e+00,4.700508046457382072e+00,4.625442338348992877e+00,4.702082983842636565e+00,4.704909561778383598e+00,5.816643093361939520e+00
1.107000000000000000e+06,4.726234740589434935e+00,4.703216749738085234e+00,4.701879733023575092e+00,4.626799639301747646e+00,4.703414401992417559e+00,4.706010217540295137e+00,5.818810182321154656e+00
1.108000000000000000e+06,4.727223780982498624e+00,4.705283666316713465e+00,4.703190040412067674e+00,4.629175347074249380e+00,4.704954677785704753e+00,4.707584010941564756e+00,5.820976069586413004e+00
1.109000000000000000e+06,4.728902033046806785e+00,4.706899901395326324e+00,4.704737936101256679e+00,4.631225189151780164e+00,4.706328533032016814e+00,4.708890848425766329e+00,5.823140756715159405e+00
1.110000000000000000e+06,4.730107486492369340e+00,4.708338830344009018e+00,4.706034453901850156e+00,4.632693927900952247e+00,4.707494357427404630e+00,4.710182610310538642e+00,5.825304245261621716e+00
1.111000000000000000e+06,4.731131220326956210e+00,4.709831485365434389e+00,4.707536265442762158e+00,4.633947523342214048e+00,4.708610241259030715e+00,4.711569130922904414e+00,5.827466536776820583e+00
1.112000000000000000e+06,4.732562030837267564e+00,4.711133328925475539e+00,4.708457309039769001e+00,4.635505802302740896e+00,4.710168901748065018e+00,4.712992157829850370e+00,5.829627632808576543e+00
1.113000000000000000e+06,4.734088612777695104e+00,4.712781045177681705e+00,4.709457706206828576e+00,4.637167719433300306e+00,4.711361360251336450e+00,4.714446732047386845e+00,5.831787534901519798e+00
1.114000000000000000e+06,4.735233215773209103e+00,4.714485526919641956e+00,4.710169888180312903e+00,4.638578944116628300e+00,4.712612770601162460e+00,4.716092046459396947e+00,5.833946244597099984e+00
1.115000000000000000e+06,4.737082746997137939e+00,4.716284077883467596e+00,4.712101952759308432e+00,4.640385473375633119e+00,4.713730809966586222e+00,4.717320709234138931e+00,5.836103763433595049e+00
1.116000000000000000e+06,4.738683716134676871e+00,4.717178483362088670e+00,4.713382169263238275e+00,4.641834811868513988e+00,4.714955194563216878e+00,4.718674462587221896e+00,5.838260092946120139e+00
1.117000000000000000e+06,4.740345117602671188e+00,4.718753007370900754e+00,4.714712249959755574e+00,4.643621546589718818e+00,4.716145950841522883e+00,4.719776834272366273e+00,5.840415234666634703e+00
1.118000000000000000e+06,4.741682901692688468e+00,4.720460211086465740e+00,4.715951570828287309e+00,4.644696693564576151e+00,4.717403989468784253e+00,4.721313612213284827e+00,5.842569190123954925e+00
1.119000000000000000e+06,4.742898121576009096e+00,4.721764982780563891e+00,4.717113095220918595e+00,4.646472006810494548e+00,4.718527471731712275e+00,4.722870012168500331e+00,5.844721960843759945e+00
1.120000000000000000e+06,4.744436567979594344e+00,4.723259767329134995e+00,4.718332194053429518e+00,4.647598157106209271e+00,4.719552727242864343e+00,4.724609418467405675e+00,5.846873548348600735e+00
1.121000000000000000e+06,4.745975456550154625e+00,4.724501720270224858e+00,4.719192183017207221e+00,4.649256899001921184e+00,4.721735925144552759e+00,4.725886700078055114e+00,5.849023954157909877e+00
1.122000000000000000e+06,4.747443012488426817e+00,4.725432823119208869e+00,4.721464728857127646e+00,4.650386366511797043e+00,4.723098608487987349e+00,4.727767562889289898e+00,5.851173179788011325e+00
1.123000000000000000e+06,4.749445311218520871e+00,4.726578386003393639e+00,4.722824310974201190e+00,4.651405172275857147e+00,4.724475193710881982e+00,4.728960433125596552e+00,5.853321226752126627e+00
1.124000000000000000e+06,4.750949655191583965e+00,4.728449166706957918e+00,4.724284144048208844e+00,4.652753966999733315e+00,4.726091864728989123e+00,4.730131125943763948e+00,5.855468096560385582e+00
1.125000000000000000e+06,4.751846771991102614e+00,4.729424989266322932e+00,4.726012095259867429e+00,4.653807819681057723e+00,4.727114441233745801e+00,4.731703229565543900e+00,5.857613790719834235e+00
1.126000000000000000e+06,4.753309465312146820e+00,4.731521690968934379e+00,4.726961883069655812e+00,4.655067841357888980e+00,4.728425535933415524e+00,4.733740863223144579e+00,5.859758310734443754e+00
1.127000000000000000e+06,4.754370261710160861e+00,4.732969260760571117e+00,4.728308863268382289e+00,4.656304761204284937e+00,4.729844294469262245e+00,4.735250064083345478e+00,5.861901658105118429e+00
1.128000000000000000e+06,4.755196842319185713e+00,4.734314815061673620e+00,4.730574236068449068e+00,4.657318249749271999e+00,4.730805987288059455e+00,4.736081140087437191e+00,5.864043834329705440e+00
1.129000000000000000e+06,4.756919448649766125e+00,4.735381052949366065e+00,4.732144855407739215e+00,4.658475964432248873e+00,4.732433625280326517e+00,4.737370758671919369e+00,5.866184840903002851e+00
1.130000000000000000e+06,4.758333370173040144e+00,4.736920865678168724e+00,4.733654375098012679e+00,4.659645542377860217e+00,4.734324436960922533e+00,4.739294492076235876e+00,5.868324679316766712e+00
1.131000000000000000e+06,4.760422267030758547e+00,4.738406070512725776e+00,4.735265784351874174e+00,4.661310647934838514e+00,4.735658904357729959e+00,4.740592999100885052e+00,5.870463351059721724e+00
1.132000000000000000e+06,4.761522846132789866e+00,4.739480153517906302e+00,4.736474318561604946e+00,4.662540153695680978e+00,4.737436355213339390e+00,4.742488030681274225e+00,5.872600857617570114e+00
1.133000000000000000e+06,4.762466273779466519e+00,4.740290675438105339e+00,4.737324973830387975e+00,4.663950142057757375e+00,4.738804095162502783e+00,4.744055211593792620e+00,5.874737200472996967e+00
1.134000000000000000e+06,4.764205054293213948e+00,4.742037105385546347e+00,4.738759026188966494e+00,4.664764226520581758e+00,4.740334532677096036e+00,4.745038515492356446e+00,5.876872381105680887e+00
1.135000000000000000e+06,4.765916315087329380e+00,4.742940298244801234e+00,4.740093137130167555e+00,4.666431076084312402e+00,4.741759347320747331e+00,4.746189931170423648e+00,5.879006400992302872e+00
1.136000000000000000e+06,4.767422645093928324e+00,4.744140141826416190e+00,4.741590689877880571e+00,4.668698532102173004e+00,4.743299964357709619e+00,4.747111850443041625e+00,5.881139261606553426e+00
1.137000000000000000e+06,4.768974999143835269e+00,4.746289206488609302e+00,4.744270541484437942e+00,4.670236511019013825e+00,4.745083170049008814e+00,4.748734849020506132e+00,5.883270964419141436e+00
1.138000000000000000e+06,4.769742130321564133e+00,4.748760297004536390e+00,4.745939909423711356e+00,4.671221763094544066e+00,4.746921239983085350e+00,4.750126584684680964e+00,5.885401510897802169e+00
1.139000000000000000e+06,4.771102998200848155e+00,4.749944144936879553e+00,4.747514125006994767e+00,4.673010618723246523e+00,4.748373109907793044e+00,4.752240876243273959e+00,5.887530902507306152e+00
1.140000000000000000e+06,4.772106055301606808e+00,4.751114964936617113e+00,4.749504876369261552e+00,4.674525652818099175e+00,4.749673968538206559e+00,4.753693165040349555e+00,5.889659140709466278e+00
1.141000000000000000e+06,4.773238838969493969e+00,4.751872615770140307e+00,4.751431743163032628e+00,4.675664624286230087e+00,4.751476039104374216e+00,4.754601460876550334e+00,5.891786226963146689e+00
1.142000000000000000e+06,4.775200243251852328e+00,4.753113270186463346e+00,4.752766957187877672e+00,4.677328470700491181e+00,4.753365765949449262e+00,4.756326720538581299e+00,5.893912162724271653e+00
1.143000000000000000e+06,4.776432415228358153e+00,4.754540898332798804e+00,4.753826410403549474e+00,4.678589597200323524e+00,4.755601076185713261e+00,4.757668353306768516e+00,5.896036949445832676e+00
1.144000000000000000e+06,4.777274973891619148e+00,4.755537590850332563e+00,4.755918370062038214e+00,4.680052625666383470e+00,4.757053074738053944e+00,4.759477042514734357e+00,5.898160588577896490e+00
1.145000000000000000e+06,4.778655223675873920e+00,4.756673113752646564e+00,4.757023326390506845e+00,4.681700485873153461e+00,4.758263397813037976e+00,4.760465210014458215e+00,5.900283081567614829e+00
1.146000000000000000e+06,4.779809361788185385e+00,4.757902252634391260e+00,4.758148405455504992e+00,4.683091560769392814e+00,4.759503151294363299e+00,4.761528730364730677e+00,5.902404429859229751e+00
1.147000000000000000e+06,4.780711494422063446e+00,4.759186762959698669e+00,4.759171224949856338e+00,4.684819450361375814e+00,4.760721704357026240e+00,4.762658080940060046e+00,5.904524634894085189e+00
1.148000000000000000e+06,4.781706193875403521e+00,4.760596100891905103e+00,4.761246843776408610e+00,4.686211266850026647e+00,4.762016460369188131e+00,4.764015858915268353e+00,5.906643698110630503e+00
1.149000000000000000e+06,4.783119861580985344e+00,4.761766138954472538e+00,4.762643540356900296e+00,4.687483509552366812e+00,4.763240630071901904e+00,4.765299499316579812e+00,5.908761620944432913e+00
1.150000000000000000e+06,4.784044861496516532e+00,4.762952780139986686e+00,4.764177379833634873e+00,4.689050610737494296e+00,4.764394926286739107e+00,4.766465348785485112e+00,5.910878404828183719e+00
1.151000000000000000e+06,4.785396224096022166e+00,4.764357523274171946e+00,4.765541617303377997e+00,4.690720247018139943e+00,4.766267051977405522e+00,4.768189672503902798e+00,5.912994051191704514e+00
1.152000000000000000e+06,4.786589486015194517e+00,4.765476182507566882e+00,4.767279643067671380e+00,4.691667205422303866e+00,4.767079190354209572e+00,4.770072132931972853e+00,5.915108561461956960e+00
1.153000000000000000e+06,4.787546571619945901e+00,4.766779421665714445e+00,4.768229484007886931e+00,4.692689040673214684e+00,4.768272000092208529e+00,4.771506362237577292e+00,5.917221937063050774e+00
1.154000000000000000e+06,4.788142615254801449e+00,4.767870774992496230e+00,4.769411642309153265e+00,4.694640845757421133e+00,4.770217996664986693e+00,4.772441525537950646e+00,5.919334179416250841e+00
1.155000000000000000e+06,4.789498847930953040e+00,4.769112469312527303e+00,4.770471332494948591e+00,4.696022178647888623e+00,4.771534998229868485e+00,4.773213528219210744e+00,5.921445289939985201e+00
1.156000000000000000e+06,4.790648265788503224e+00,4.771472825643143345e+00,4.771553633427507712e+00,4.697406073996763354e+00,4.772632378994868141e+00,4.774583282628735326e+00,5.923555270049853050e+00
1.157000000000000000e+06,4.792850333050701295e+00,4.772734560885197652e+00,4.773253877423155878e+00,4.698720752105972842e+00,4.774294488379211110e+00,4.777196832065445875e+00,5.925664121158632724e+00
1.158000000000000000e+06,4.794697328308245687e+00,4.774197456191335398e+00,4.775017783477606415e+00,4.700120973222007947e+00,4.775363812091940829e+00,4.778623741981466999e+00,5.927771844676287927e+00
1.159000000000000000e+06,4.796011375406233235e+00,4.775502971791320661e+00,4.776502537535037618e+00,4.701841030094560558e+00,4.776730606388320588e+00,4.779850027101659293e+00,5.929878442009977491e+00
1.160000000000000000e+06,4.797314578491166159e+00,4.776328486978876242e+00,4.778076136480789771e+00,4.703390531537237074e+00,4.778618144479312768e+00,4.780783462087572211e+00,5.931983914564061600e+00
1.161000000000000000e+06,4.798748634695832571e+00,4.777433519699614273e+00,4.779920323836834406e+00,4.704489660322500377e+00,4.779612854171388037e+00,4.782079826672789302e+00,5.934088263740109781e+00
1.162000000000000000e+06,4.800027522296977267e+00,4.779095441514567000e+00,4.781212832335271834e+00,4.705143643971984702e+00,4.781064257751440394e+00,4.783225279895309434e+00,5.936191490936909787e+00
1.163000000000000000e+06,4.801697242507222185e+00,4.780584215324227060e+00,4.782607348030956551e+00,4.706670011725004876e+00,4.783199363877841392e+00,4.784671431875504588e+00,5.938293597550472924e+00
1.164000000000000000e+06,4.802476331440980850e+00,4.781768041827078264e+00,4.783982370769521708e+00,4.707975650270825874e+00,4.784106455596077723e+00,4.785766585615872870e+00,5.940394584974042935e+00
1.165000000000000000e+06,4.803991330321293773e+00,4.782838589211094948e+00,4.785922258348347391e+00,4.709294684293960920e+00,4.785124107195373178e+00,4.787603504040214730e+00,5.942494454598104880e+00
1.166000000000000000e+06,4.805263986921095132e+00,4.784122216105968661e+00,4.786822626810093517e+00,4.710248224589751231e+00,4.786612363920123236e+00,4.788843025476902326e+00,5.944593207810389579e+00
1.167000000000000000e+06,4.806461108766164614e+00,4.785454485920855205e+00,4.787912525130683328e+00,4.711586807394493093e+00,4.787910854063233579e+00,4.790060990102983141e+00,5.946690845995882491e+00
1.168000000000000000e+06,4.807399068320235003e+00,4.787252227637135427e+00,4.788946266812885710e+00,4.712906259571089329e+00,4.788961033043003468e+00,4.791804287864644962e+00,5.948787370536833485e+00
1.169000000000000000e+06,4.808374671336406614e+00,4.788522364129546460e+00,4.790550941171336952e+00,4.714187641247376881e+00,4.790510413431451120e+00,4.792899454143596749e+00,5.950882782812760396e+00
1.170000000000000000e+06,4.809582704465311664e+00,4.789803864697168123e+00,4.791645665884271210e+00,4.715341351657954760e+00,4.792283142058394674e+00,4.794335034847878596e+00,5.952977084200457902e+00
1.171000000000000000e+06,4.810452267447544727e+00,4.791447769945317958e+00,4.792732654552289695e+00,4.716951382258978143e+00,4.793587737568188345e+00,4.795979088085617015e+00,5.955070276074007296e+00
1.172000000000000000e+06,4.811599269327418327e+00,4.792541478946738209e+00,4.793737861422185276e+00,4.719247445118359252e+00,4.794314033740121772e+00,4.797831668290527318e+00,5.957162359804780039e+00
1.173000000000000000e+06,4.812899382064498077e+00,4.794289407913795209e+00,4.794945559412059133e+00,4.720993760581452037e+00,4.796978343167987546e+00,4.799777617184723510e+00,5.959253336761447528e+00
1.174000000000000000e+06,4.814202427399879802e+00,4.795807407988320392e+00,4.796807743491759979e+00,4.722576277218297314e+00,4.798150480151639030e+00,4.801248411937821814e+00,5.961343208309987318e+00
1.175000000000000000e+06,4.815646866641992041e+00,4.797248395554468914e+00,4.798183170743496540e+00,4.724222822954246226e+00,4.799653314336364218e+00,4.802329690758316616e+00,5.963431975813691999e+00
1.176000000000000000e+06,4.816844335893426532e+00,4.798261989327179400e+00,4.799348088632418019e+00,4.725127057650460927e+00,4.801042589303901487e+00,4.804235170284664846e+00,5.965519640633174525e+00
1.177000000000000000e+06,4.818203709978530647e+00,4.799579837614583511e+00,4.800697180079733783e+00,4.726158491615339408e+00,4.802995354141238238e+00,4.805478780487421275e+00,5.967606204126376213e+00
1.178000000000000000e+06,4.819823663742559994e+00,4.801100067565913676e+00,4.801650012232900444e+00,4.728174193941885761e+00,4.803950334801990962e+00,4.806890039719732499e+00,5.969691667648573841e+00
1.179000000000000000e+06,4.820998193533497123e+00,4.802524331329755647e+00,4.803232365984019481e+00,4.729323445015565675e+00,4.805563722312574448e+00,4.808024124688848211e+00,5.971776032552386759e+00
1.180000000000000000e+06,4.822361502359801655e+00,4.804022392394045049e+00,4.804957803802661687e+00,4.730866139388314018e+00,4.806899033647296982e+00,4.809509878755382495e+00,5.973859300187785770e+00
1.181000000000000000e+06,4.824090995454736408e+00,4.805361649374801480e+00,4.806516456665962167e+00,4.733060133891562771e+00,4.808292294857100302e+00,4.810705065041164907e+00,5.975941471902096680e+00
1.182000000000000000e+06,4.825645559838083187e+00,4.806550169862215505e+00,4.807476396046757472e+00,4.735389815331464192e+00,4.809546341238149836e+00,4.812011898162182000e+00,5.978022549040010958e+00
1.183000000000000000e+06,4.827260855905327830e+00,4.807771298008137073e+00,4.808704723435212713e+00,4.736805359136346816e+00,4.810745731021050631e+00,4.813909030464923688e+00,5.980102532943591065e+00
1.184000000000000000e+06,4.828176032602216949e+00,4.809271038936235421e+00,4.810198162676918798e+00,4.738855250704498978e+00,4.812868192978994486e+00,4.815391798646494692e+00,5.982181424952277560e+00
1.185000000000000000e+06,4.829484662144319707e+00,4.811444357736872846e+00,4.811771189958870210e+00,4.739497912960968229e+00,4.814340568595723902e+00,4.816582952519418370e+00,5.984259226402897092e+00
1.186000000000000000e+06,4.830946941897107827e+00,4.812469671953038208e+00,4.812976598656701022e+00,4.740820512083865346e+00,4.816097029760356918e+00,4.817660411740805948e+00,5.986335938629667730e+00
1.187000000000000000e+06,4.832250866100347153e+00,4.813513204642687171e+00,4.814348246106121110e+00,4.742492953118662591e+00,4.818164748199590619e+00,4.818603087309706545e+00,5.988411562964206958e+00
1.188000000000000000e+06,4.832828881159810130e+00,4.814580250078729584e+00,4.816060202809284263e+00,4.743730755736222271e+00,4.819202233814958269e+00,4.820215251609386797e+00,5.990486100735539665e+00
1.189000000000000000e+06,4.833981036828075339e+00,4.815871260830642875e+00,4.817477169329192677e+00,4.745883706153026793e+00,4.820681784750247445e+00,4.821732077195728827e+00,5.992559553270104367e+00
1.190000000000000000e+06,4.835293466001628460e+00,4.817101445941530002e+00,4.818409097118230733e+00,4.747104229226378536e+00,4.821854352274403510e+00,4.822820788840409989e+00,5.994631921891757642e+00
1.191000000000000000e+06,4.836797411108122446e+00,4.818596930621649399e+00,4.819219766524870607e+00,4.748342659005571953e+00,4.822990873000939871e+00,4.824916217179663569e+00,5.996703207921785683e+00
1.192000000000000000e+06,4.838285552962991787e+00,4.820147907419632283e+00,4.819978380777050653e+00,4.749645273115004507e+00,4.824261676284765876e+00,4.825842649006709451e+00,5.998773412678906958e+00
1.193000000000000000e+06,4.839714598894751418e+00,4.821535136758676288e+00,4.821561155383159658e+00,4.750902482021993833e+00,4.826000372998640486e+00,4.827135390436872342e+00,6.000842537479281980e+00
1.194000000000000000e+06,4.840916335739162690e+00,4.822851417334955926e+00,4.822551877476352722e+00,4.751872418184887259e+00,4.826976877906195895e+00,4.828114927010983770e+00,6.002910583636517750e+00
1.195000000000000000e+06,4.842726946653368003e+00,4.824066439320035649e+00,4.823669319789658516e+00,4.752813550356032479e+00,4.828345750071405540e+00,4.829429036739870895e+00,6.004977552461677526e+00
1.196000000000000000e+06,4.844439422686248164e+00,4.825190326377790662e+00,4.825643933970575894e+00,4.754266488251514211e+00,4.829707220013720104e+00,4.830314357458910912e+00,6.007043445263284376e+00
1.197000000000000000e+06,4.845464192803135894e+00,4.826441994608706487e+00,4.826389760647947114e+00,4.755474269278548327e+00,4.831335407930624548e+00,4.831270190100274142e+00,6.009108263347330059e+00
1.198000000000000000e+06,4.846664588528008188e+00,4.828363039276456270e+00,4.827575826264887127e+00,4.756943617838251370e+00,4.832720080600270585e+00,4.832599718641654718e+00,6.011172008017280355e+00
1.199000000000000000e+06,4.847596046255372215e+00,4.829270372794691291e+00,4.828457162743031716e+00,4.758384119023605585e+00,4.834154506646716420e+00,4.833363242877394939e+00,6.013234680574083946e+00
1.200000000000000000e+06,4.848979622383251531e+00,4.830259039870155036e+00,4.829764248555988182e+00,4.760260067413711660e+00,4.835599146231198908e+00,4.834364578708133742e+00,6.015296282316175969e+00
